Toda la Biblia en 365 días, con una porción del Antiguo Testamento y otra del Nuevo casi todos los días: unos tres o cuatro capítulos por jornada.	The whole Bible in 365 days, with Old and New Testament readings most days: about three or four chapters a day.	Toute la Bible en 365 jours, avec une lecture de l’Ancien et du Nouveau Testament presque chaque jour : environ trois ou quatre chapitres par jour.	365일 동안 성경 전체를 읽습니다. 대부분의 날에 구약과 신약에서 하루 약 3~4장을 읽습니다.	365 天读完整本圣经，大多数日子同时阅读旧约和新约，每天约三至四章。	Toda a Bíblia em 365 dias, com leituras do Antigo e do Novo Testamento quase todos os dias: cerca de três ou quatro capítulos por dia.
La Biblia entera en 365 días, pero en el orden aproximado en que ocurrieron las cosas: Job entre los patriarcas, los Salmos junto a la vida de David, los profetas dentro de la historia de Reyes y Crónicas, los Evangelios armonizados y las cartas según cuándo se escribieron.	The whole Bible in 365 days, in approximate historical order: Job among the patriarchs, Psalms alongside David’s life, prophets within Kings and Chronicles, the Gospels harmonized and letters in the order they were written.	Toute la Bible en 365 jours, dans un ordre historique approximatif : Job avec les patriarches, les Psaumes avec la vie de David, les prophètes dans les Rois et les Chroniques, les Évangiles harmonisés et les lettres selon leur date.	365일 동안 대략적인 역사 순서로 성경을 읽습니다. 족장 시대에 욥기, 다윗의 생애에 시편, 열왕기와 역대기에 예언서, 조화된 복음서 및 기록 순서에 따른 서신을 읽습니다.	365 天按大致历史顺序读完整本圣经：约伯记置于族长时期，诗篇结合大卫的生平，先知书穿插于列王纪和历代志，福音书相互对照，书信按写作时期排列。	Toda a Bíblia em 365 dias, em ordem histórica aproximada: Jó entre os patriarcas, Salmos junto à vida de Davi, profetas em Reis e Crônicas, Evangelhos harmonizados e cartas segundo a época em que foram escritas.
Los 260 capítulos del Nuevo Testamento en tres meses: unos tres capítulos por día, de Mateo a Apocalipsis.	The 260 chapters of the New Testament in three months: about three chapters a day, from Matthew to Revelation.	Les 260 chapitres du Nouveau Testament en trois mois : environ trois chapitres par jour, de Matthieu à l’Apocalypse.	마태복음부터 요한계시록까지 신약 260장을 석 달 동안 하루 약 3장씩 읽습니다.	三个月读完新约的 260 章，从马太福音到启示录，每天约三章。	Os 260 capítulos do Novo Testamento em três meses: cerca de três capítulos por dia, de Mateus a Apocalipse.
Cinco salmos y un capítulo de Proverbios cada día durante 31 días. El clásico para acompañar la mañana o cerrar el día.	Five psalms and one chapter of Proverbs each day for 31 days. A classic companion for the morning or the end of the day.	Cinq psaumes et un chapitre des Proverbes chaque jour pendant 31 jours. Un classique pour accompagner le matin ou terminer la journée.	31일 동안 매일 시편 5편과 잠언 1장을 읽습니다. 아침이나 하루의 마무리에 적합한 전통적인 계획입니다.	31 天内每天阅读五篇诗篇和一章箴言。适合清晨或一天结束时的经典计划。	Cinco salmos e um capítulo de Provérbios por dia durante 31 dias. Um clássico para acompanhar a manhã ou encerrar o dia.
Una semana, un capítulo por día, para conocer a Jesús: quién es, qué hizo y por qué importa. El plan más corto para empezar.	One week, one chapter a day, to know Jesus: who he is, what he did and why he matters. The shortest plan to get started.	Une semaine, un chapitre par jour, pour connaître Jésus : qui il est, ce qu’il a fait et pourquoi il compte. Le plan le plus court pour commencer.	일주일 동안 하루 한 장씩 예수님이 누구인지, 무엇을 하셨는지, 왜 중요한지 알아봅니다. 시작하기에 가장 짧은 계획입니다.	一周内每天一章，认识耶稣：他是谁、做了什么以及为何重要。这是最简短的入门计划。	Uma semana, um capítulo por dia, para conhecer Jesus: quem é, o que fez e por que importa. O plano mais curto para começar.
Los 16 capítulos del evangelio más breve en dos semanas: uno o dos por día. La vida de Jesús contada a paso rápido.	The shortest Gospel’s 16 chapters in two weeks: one or two per day. Jesus’ life told at a brisk pace.	Les 16 chapitres du plus court Évangile en deux semaines : un ou deux par jour. La vie de Jésus racontée à un rythme rapide.	가장 짧은 복음서 16장을 2주 동안 하루 1~2장씩 읽습니다. 예수님의 생애를 빠른 흐름으로 살펴봅니다.	两周读完最短福音书的 16 章，每天一至两章。以明快节奏了解耶稣的一生。	Os 16 capítulos do Evangelho mais breve em duas semanas: um ou dois por dia. A vida de Jesus contada em ritmo rápido.
Un mes con el evangelio de Juan y el libro de los Hechos: quién es Jesús y qué hizo la primera iglesia. Uno o dos capítulos por día.	A month with John’s Gospel and Acts: who Jesus is and what the early church did. One or two chapters per day.	Un mois avec l’Évangile de Jean et les Actes : qui est Jésus et ce qu’a fait l’Église primitive. Un ou deux chapitres par jour.	한 달 동안 요한복음과 사도행전에서 예수님과 초대 교회의 활동을 알아봅니다. 하루 1~2장씩 읽습니다.	用一个月阅读约翰福音和使徒行传：认识耶稣，了解早期教会的事工。每天一至两章。	Um mês com o Evangelho de João e Atos: quem é Jesus e o que fez a primeira igreja. Um ou dois capítulos por dia.
La constancia empieza a medirse con la primera lectura que marques. De lo de antes no hay registro: el progreso guardaba qué días del plan estaban hechos, pero no en qué fecha los marcaste.	Consistency is measured from your first marked reading. Earlier activity was not dated: progress recorded completed plan days but not when you marked them.	La régularité est mesurée à partir de votre première lecture marquée. Les activités antérieures n’étaient pas datées : la progression enregistrait les jours du plan accomplis, mais pas la date de marquage.	꾸준함은 처음 읽기를 표시한 날부터 측정됩니다. 이전 기록에는 계획에서 완료한 날짜만 있고 실제 표시한 날짜는 저장되지 않았습니다.	坚持记录从您首次标记阅读开始计算。此前的进度只记录完成了计划中的哪些天，未记录标记的实际日期。	A constância é medida a partir da primeira leitura marcada. Antes disso, o progresso registrava os dias concluídos do plano, mas não a data em que foram marcados.
Cada casilla es un día del último año. Solo cuentan los días en que marcaste una lectura: ponerse al día dando por leído lo atrasado no pinta casillas, porque es justo decir que esos días no se leyeron.	Each square is a day in the past year. Only days when you marked a reading count. Marking missed readings as read to catch up does not fill squares, since you did not read on those days.	Chaque case représente un jour de l’année écoulée. Seuls les jours où une lecture a été marquée comptent. Marquer les lectures en retard comme lues ne colore pas les cases des jours où vous n’avez pas lu.	각 칸은 지난 1년의 하루입니다. 읽기를 표시한 날만 집계합니다. 밀린 읽기를 읽음으로 처리해도 실제로 읽지 않은 날의 칸은 채워지지 않습니다.	每个方格代表过去一年中的一天，只计算实际标记阅读的日期。将漏读内容标为已读以追赶进度不会填充方格，因为那些天并未实际阅读。	Cada quadrado é um dia do último ano. Só contam os dias em que você marcou uma leitura. Marcar leituras atrasadas como lidas não preenche quadrados dos dias em que não houve leitura.
Del día %d al %d están sin marcar.\n\nDarlos por leídos: quedan marcados y sigues por el día %d.\n\nCorrer el calendario: no se marca nada; el plan cuenta como si lo hubieras empezado más tarde y vuelves a ir al día por el %d.	Days %d to %d are unmarked.\n\nMark as read: they are marked and you continue at day %d.\n\nShift calendar: nothing is marked; the plan starts later and you are on schedule again at day %d.	Les jours %d à %d ne sont pas marqués.\n\nMarquer comme lus : ils sont marqués et vous continuez au jour %d.\n\nDécaler le calendrier : rien n’est marqué ; le plan commence plus tard et vous êtes de nouveau à jour au jour %d.	%d ~ %d일차가 표시되지 않았습니다.\n\n읽음으로 표시: 해당 날짜를 표시하고 %d일차부터 계속합니다.\n\n일정 미루기: 표시하지 않고 시작일을 늦춰 %d일차에 일정이 맞춰집니다.	第 %d 至 %d 天尚未标记。\n\n标为已读：标记这些天，并从第 %d 天继续。\n\n顺延日历：不标记任何内容，将计划起点后移，从第 %d 天重新按计划进行。	Os dias %d a %d não estão marcados.\n\nMarcar como lidos: ficam marcados e você continua no dia %d.\n\nAdiar o calendário: nada é marcado; o plano começa mais tarde e você volta a ficar em dia no dia %d.
Aviso del escritorio, solo en este equipo. Llega aunque Biblia Elim esté cerrada. Si ya marcaste la lectura del día, no avisa.	Desktop reminder on this computer only. It arrives even when Biblia Elim is closed. No reminder is sent if today’s reading is already marked.	Rappel du bureau, uniquement sur cet ordinateur. Il arrive même si Biblia Elim est fermé. Aucun rappel si la lecture du jour est déjà marquée.	이 컴퓨터의 데스크톱 알림입니다. Biblia Elim이 닫혀 있어도 도착합니다. 오늘 읽기를 이미 표시했으면 알리지 않습니다.	仅在此电脑上显示的桌面提醒。即使 Biblia Elim 已关闭也会提醒；若当天阅读已标记，则不提醒。	Aviso da área de trabalho, somente neste computador. Chega mesmo com o Biblia Elim fechado. Não avisa se a leitura do dia já foi marcada.
Que Jesús de Nazaret existió no se sostiene solo con la Biblia. Lo dan por hecho un historiador judío que escribía para Roma, un senador romano que despreciaba a los cristianos, un gobernador que los interrogó bajo tortura y un filósofo que escribió un libro entero contra ellos. Aquí están sus palabras, traducidas, con la fecha y la obra de donde salen.	The existence of Jesus of Nazareth is supported beyond the Bible. A Jewish historian writing for Rome, a Roman senator hostile to Christians, a governor who interrogated them under torture and a philosopher who wrote against them all took it for granted. Their translated words are presented here with dates and sources.	L’existence de Jésus de Nazareth n’est pas attestée seulement par la Bible. Un historien juif écrivant pour Rome, un sénateur romain hostile aux chrétiens, un gouverneur les ayant interrogés sous la torture et un philosophe ayant écrit contre eux la tenaient pour acquise. Leurs paroles traduites figurent ici avec dates et sources.	나사렛 예수의 존재는 성경 밖에서도 뒷받침됩니다. 로마를 위해 글을 쓴 유대 역사가, 기독교인을 경멸한 로마 원로원 의원, 그들을 고문하며 심문한 총독, 그들을 비판하는 책을 쓴 철학자 모두 예수의 존재를 전제로 삼았습니다. 이곳에서 그들의 말을 날짜와 출처와 함께 번역하여 소개합니다.	拿撒勒人耶稣的存在并非仅由圣经支持。为罗马写作的犹太历史学家、敌视基督徒的罗马元老、曾拷问基督徒的总督，以及写书反对他们的哲学家，都将他的存在视为事实。这里提供他们的话的译文，并注明年代和出处。	A existência de Jesus de Nazaré não é sustentada apenas pela Bíblia. Um historiador judeu que escrevia para Roma, um senador romano hostil aos cristãos, um governador que os interrogou sob tortura e um filósofo que escreveu contra eles a tomavam como fato. Aqui estão suas palavras traduzidas, com datas e fontes.
Cada ficha dice también qué no demuestra. Hay fuentes discutidas, otras tardías y algunas que circulan mucho y no valen nada: están señaladas una por una. Un argumento que se cae al primer empujón se lleva por delante todo lo demás, que era lo bueno.	Each card also states what it does not prove. Disputed, late and unreliable sources are identified individually. A weak argument can undermine the stronger evidence around it.	Chaque fiche indique aussi ce qu’elle ne démontre pas. Les sources discutées, tardives ou peu fiables sont signalées individuellement. Un argument fragile peut affaiblir les preuves solides qui l’accompagnent.	각 카드에는 입증하지 못하는 내용도 표시합니다. 논쟁이 있거나 늦게 기록되었거나 신뢰하기 어려운 출처를 하나씩 구분합니다. 약한 논거가 다른 타당한 근거까지 약화할 수 있기 때문입니다.	每张卡片也说明它不能证明什么。存在争议、年代较晚或不可靠的资料都会逐一标注，因为薄弱的论据可能损害周围更有力的证据。	Cada ficha também informa o que não demonstra. Fontes discutidas, tardias ou pouco confiáveis são indicadas individualmente. Um argumento frágil pode prejudicar as evidências mais fortes ao redor.
Elige una fuente en la lista de la izquierda. Los pasajes bíblicos de cada ficha se abren en la ventana principal, en tu versión.	Choose a source from the list on the left. Each card’s Bible references open in the main window using your version.	Choisissez une source dans la liste de gauche. Les passages bibliques de chaque fiche s’ouvrent dans la fenêtre principale, dans votre version.	왼쪽 목록에서 출처를 선택하세요. 카드의 성경 참조는 기본 창에서 현재 번역본으로 열립니다.	从左侧列表中选择资料。卡片中的圣经引用将在主窗口中使用您的译本打开。	Escolha uma fonte na lista à esquerda. As referências bíblicas de cada ficha abrem na janela principal, na sua versão.
Las obras completas de Josefo se pueden instalar aparte, en inglés y de dominio público, desde el gestor de módulos: «Josephus», en la traducción de Whiston.	Josephus’ complete works can be installed separately from the module manager: “Josephus”, Whiston’s English translation, in the public domain.	Les œuvres complètes de Josèphe peuvent être installées séparément depuis le gestionnaire : « Josephus », traduction anglaise de Whiston, dans le domaine public.	요세푸스의 전집은 모듈 관리자에서 별도로 설치할 수 있습니다. “Josephus”는 Whiston의 영어 번역이며 퍼블릭 도메인입니다.	约瑟夫的全集可从模块管理器单独安装：“Josephus”是 Whiston 的英语译本，属于公有领域。	As obras completas de Josefo podem ser instaladas separadamente pelo gerenciador: “Josephus”, tradução inglesa de Whiston, em domínio público.
Los originales son de dominio público; las traducciones al castellano se hicieron para esta aplicación.	The originals are public domain; the Spanish translations were created for this app.	Les originaux sont dans le domaine public ; les traductions espagnoles ont été réalisées pour cette application.	원본은 퍼블릭 도메인이며 스페인어 번역은 이 앱을 위해 제작되었습니다.	原文属于公有领域；西班牙语译文是为本应用制作的。	Os originais estão em domínio público; as traduções para espanhol foram feitas para este aplicativo.
Lo que dicen de Jesús las fuentes que no son la Biblia.	What sources outside the Bible say about Jesus.	Ce que disent de Jésus les sources extérieures à la Bible.	성경 외의 자료가 예수에 관해 말하는 내용.	圣经之外的资料如何记述耶稣。	O que as fontes fora da Bíblia dizem sobre Jesus.
%u fuente, y funciona sin internet.	%u source, available offline.	%u source, disponible hors ligne.	출처 %u개, 오프라인 사용 가능.	%u 项资料，无需联网。	%u fonte, disponível offline.
%u fuentes, y funcionan sin internet.	%u sources, available offline.	%u sources, disponibles hors ligne.	출처 %u개, 오프라인 사용 가능.	%u 项资料，无需联网。	%u fontes, disponíveis offline.
Qué muestra	What it shows	Ce que cela montre	보여 주는 내용	说明了什么	O que mostra
Con cuidado	Use with care	Avec prudence	주의해서 사용	需谨慎	Com cuidado
