No se pudo abrir el diálogo Memorización.	Could not open Memorization.	Impossible d’ouvrir la mémorisation.	암송 창을 열 수 없습니다.	无法打开背诵窗口。	Não foi possível abrir a Memorização.
No se pudo abrir el diálogo Nube de palabras.	Could not open Word cloud.	Impossible d’ouvrir le nuage de mots.	단어 구름 창을 열 수 없습니다.	无法打开词云窗口。	Não foi possível abrir a Nuvem de palavras.
No se pudo abrir el diálogo del plan personalizado.	Could not open the custom plan dialog.	Impossible d’ouvrir le plan personnalisé.	맞춤 계획 창을 열 수 없습니다.	无法打开自定义计划窗口。	Não foi possível abrir o plano personalizado.
No se pudo abrir el diálogo Planes de lectura.	Could not open Reading plans.	Impossible d’ouvrir les plans de lecture.	읽기 계획 창을 열 수 없습니다.	无法打开读经计划窗口。	Não foi possível abrir os Planos de leitura.
No se pudo abrir el diálogo Tu progreso.	Could not open Your progress.	Impossible d’ouvrir votre progression.	진행 상황 창을 열 수 없습니다.	无法打开我的进度窗口。	Não foi possível abrir Seu progresso.
No se pudo abrir el diálogo Versículo del día.	Could not open Verse of the day.	Impossible d’ouvrir le verset du jour.	오늘의 구절 창을 열 수 없습니다.	无法打开每日经文窗口。	Não foi possível abrir o Versículo do dia.
No se pudo abrir «Jesús en la historia».	Could not open “Jesus in history”.	Impossible d’ouvrir « Jésus dans l’histoire ».	“역사 속의 예수”를 열 수 없습니다.	无法打开“历史中的耶稣”。	Não foi possível abrir “Jesus na história”.
No se pudo abrir '%s': %s	Could not open '%s': %s	Impossible d’ouvrir « %s » : %s	'%s'을 열 수 없습니다: %s	无法打开“%s”：%s	Não foi possível abrir '%s': %s
No se pudo leer '%s': %s	Could not read '%s': %s	Impossible de lire « %s » : %s	'%s'을 읽을 수 없습니다: %s	无法读取“%s”：%s	Não foi possível ler '%s': %s
No se pudo crear el archivo temporal '%s'.	Could not create temporary file '%s'.	Impossible de créer le fichier temporaire « %s ».	임시 파일 '%s'을 만들 수 없습니다.	无法创建临时文件“%s”。	Não foi possível criar o arquivo temporário '%s'.
No se encontro texto biblico legible en '%s'.	No readable Bible text was found in '%s'.	Aucun texte biblique lisible trouvé dans « %s ».	'%s'에서 읽을 수 있는 성경 본문을 찾을 수 없습니다.	“%s”中未找到可读的圣经文本。	Nenhum texto bíblico legível foi encontrado em '%s'.
'%s' no esta en UTF-8 ni en una codificacion reconocida: %s	'%s' is not UTF-8 or a recognized encoding: %s	« %s » n’est ni en UTF-8 ni dans un encodage reconnu : %s	'%s'은 UTF-8이나 인식 가능한 인코딩이 아닙니다: %s	“%s”既不是 UTF-8，也不是可识别的编码：%s	'%s' não está em UTF-8 nem em uma codificação reconhecida: %s
'%s' esta vacio.	'%s' is empty.	« %s » est vide.	'%s'이 비어 있습니다.	“%s”为空。	'%s' está vazio.
No se pudo convertir ningun versiculo de '%s'.	Could not convert any verses from '%s'.	Impossible de convertir les versets de « %s ».	'%s'에서 구절을 변환할 수 없습니다.	无法转换“%s”中的任何经节。	Não foi possível converter nenhum versículo de '%s'.
'%s' no tiene una tabla "Bible" legible. Puede que no sea un modulo de Biblia de MySword, o que este protegido.	'%s' has no readable “Bible” table. It may not be a MySword Bible module, or it may be protected.	« %s » n’a pas de table « Bible » lisible. Ce n’est peut-être pas un module biblique MySword, ou il est protégé.	'%s'에 읽을 수 있는 “Bible” 테이블이 없습니다. MySword 성경 모듈이 아니거나 보호되어 있을 수 있습니다.	“%s”没有可读的“Bible”表。它可能不是 MySword 圣经模块，或受到保护。	'%s' não tem uma tabela “Bible” legível. Pode não ser um módulo bíblico MySword ou estar protegido.
El archivo está vacío.	The file is empty.	Le fichier est vide.	파일이 비어 있습니다.	文件为空。	O arquivo está vazio.
Módulo no disponible.	Module unavailable.	Module indisponible.	모듈을 사용할 수 없습니다.	模块不可用。	Módulo indisponível.
%s no tiene equivalente en %s: se mantiene la versión actual.	%s has no equivalent in %s: keeping the current version.	%s n’a pas d’équivalent dans %s : la version actuelle est conservée.	%s에 해당하는 내용이 %s에 없어 현재 번역본을 유지합니다.	%s 在 %s 中没有对应经文：保留当前译本。	%s não tem equivalente em %s: a versão atual é mantida.
%s no tiene equivalente en %s: se abre desde el principio.	%s has no equivalent in %s: opening from the beginning.	%s n’a pas d’équivalent dans %s : ouverture depuis le début.	%s에 해당하는 내용이 %s에 없어 처음부터 엽니다.	%s 在 %s 中没有对应经文：从头打开。	%s não tem equivalente em %s: abre desde o início.
Equivalencia RV1909 — esta versión no trae Strong's	RV1909 equivalent — this version has no Strong numbers	Équivalent RV1909 — cette version n’a pas de numéros Strong	RV1909 대응 — 이 번역본에는 Strong 번호가 없습니다	RV1909 对应词 — 此译本没有 Strong 编号	Equivalência RV1909 — esta versão não tem números Strong
Este versículo no está disponible en el módulo Tischendorf (defecto del módulo oficial de CrossWire). Lo que aparece abajo no es texto de Tischendorf.	This verse is unavailable in the Tischendorf module (a defect in CrossWire’s official module). The text below is not Tischendorf’s text.	Ce verset est indisponible dans le module Tischendorf (défaut du module officiel CrossWire). Le texte ci-dessous n’est pas celui de Tischendorf.	Tischendorf 모듈에 이 구절이 없습니다 (CrossWire 공식 모듈의 오류). 아래 내용은 Tischendorf의 본문이 아닙니다.	Tischendorf 模块中无法提供本节（CrossWire 官方模块存在缺陷）。下方内容并非 Tischendorf 原文。	Este versículo está indisponível no módulo Tischendorf (defeito do módulo oficial CrossWire). O texto abaixo não é o de Tischendorf.
En el módulo Tischendorf este versículo aparece incompleto: contiene mezclado el texto de Jn 7:53–8:21 (defecto del módulo oficial de CrossWire).	This verse is incomplete in the Tischendorf module: it mixes text from John 7:53–8:21 (a defect in CrossWire’s official module).	Ce verset est incomplet dans le module Tischendorf : il mélange le texte de Jean 7:53–8:21 (défaut du module officiel CrossWire).	Tischendorf 모듈의 이 구절은 불완전합니다. 요한복음 7:53–8:21 본문이 섞여 있습니다 (CrossWire 공식 모듈의 오류).	Tischendorf 模块中的本节不完整，混入了约翰福音 7:53–8:21 的文本（CrossWire 官方模块存在缺陷）。	Este versículo está incompleto no módulo Tischendorf: mistura o texto de João 7:53–8:21 (defeito do módulo oficial CrossWire).
«%s» se quedó a medias.	“%s” was left unfinished.	« %s » est resté inachevé.	“%s”이 끝나지 않았습니다.	“%s”尚未完成。	“%s” ficou pela metade.
