Yes	Yes	Oui	예	是	Sim	Sí
No	No	Non	아니요	否	Não	No
Open	Open	Ouvrir	열기	打开	Abrir	Abrir
BibleSync technical details	BibleSync technical details	Détails techniques BibleSync	BibleSync 기술 정보	BibleSync 技术详情	Detalhes técnicos do BibleSync	Detalles técnicos de BibleSync
Do sidebar search for this Strong's number	Search the sidebar for this Strong number	Rechercher ce numéro Strong dans le panneau latéral	사이드바에서 이 Strong 번호 검색	在侧栏搜索此 Strong 编号	Buscar este número Strong no painel lateral	Buscar este número Strong en el panel lateral
Display columns	Display columns	Colonnes d’affichage	표시 열	显示列数	Colunas de exibição	Columnas de texto
BibleSync is not active.	BibleSync is not active.	BibleSync n’est pas actif.	BibleSync가 활성화되지 않았습니다.	BibleSync 未启用。	BibleSync não está ativo.	BibleSync no está activo.
BibleSync Chat	BibleSync chat	Discussion BibleSync	BibleSync 채팅	BibleSync 聊天	Conversa BibleSync	Chat BibleSync
[say this]	[say this]	[message à envoyer]	[보낼 메시지]	[要发送的消息]	[mensagem a enviar]	[mensaje que enviar]
Comment:	Comment:	Commentaire :	주석:	注释：	Comentário:	Comentario:
%s obsoletes %s.\nWould you like to delete %s?\nBeware: This cannot be undone.	%s replaces %s.\nWould you like to delete %s?\nThis cannot be undone.	%s remplace %s.\nVoulez-vous supprimer %s ?\nCette action est irréversible.	%s이 %s을 대체합니다.\n%s을 삭제할까요?\n이 작업은 되돌릴 수 없습니다.	%s 取代了 %s。\n删除 %s 吗？\n此操作无法撤销。	%s substitui %s.\nDeseja excluir %s?\nNão é possível desfazer.	%s sustituye a %s.\n¿Quieres eliminar %s?\nEsta acción no se puede deshacer.
No obsolete modules were found.	No obsolete modules were found.	Aucun module obsolète trouvé.	이전 모듈을 찾을 수 없습니다.	未找到过时模块。	Nenhum módulo obsoleto encontrado.	No se encontraron módulos obsoletos.
[New Range]	[New range]	[Nouvelle plage]	[새 범위]	[新范围]	[Novo intervalo]	[Nuevo rango]
Open the separate Advanced Search dialog	Open the separate Advanced Search dialog	Ouvrir la recherche avancée dans une fenêtre séparée	고급 검색 별도 창 열기	打开独立的高级搜索窗口	Abrir a busca avançada em outra janela	Abrir la búsqueda avanzada en otra ventana
Mismatched packet\n\n	Mismatched packet\n\n	Paquet incohérent\n\n	일치하지 않는 패킷\n\n	不匹配的数据包\n\n	Pacote incompatível\n\n	Paquete incompatible\n\n
Presence announcement:\n\n	Presence announcement:\n\n	Annonce de présence :\n\n	접속 알림:\n\n	上线通知：\n\n	Anúncio de presença:\n\n	Anuncio de presencia:\n\n
Navigation packet:\n\n	Navigation packet:\n\n	Paquet de navigation :\n\n	탐색 패킷:\n\n	导航数据包：\n\n	Pacote de navegação:\n\n	Paquete de navegación:\n\n
Unknown module 	Unknown module 	Module inconnu 	알 수 없는 모듈 	未知模块 	Módulo desconhecido 	Módulo desconocido 
.\nNavigated indirectly using verse list.	.\nNavigated indirectly using verse list.	.\nNavigation indirecte par la liste des versets.	.\n구절 목록을 사용하여 간접적으로 이동했습니다.	。\n通过经节列表间接导航。	.\nNavegação indireta pela lista de versículos.	.\nNavegación indirecta mediante la lista de versículos.
Chat packet:\n\n	Chat packet:\n\n	Paquet de discussion :\n\n	채팅 패킷:\n\n	聊天数据包：\n\n	Pacote de conversa:\n\n	Paquete de chat:\n\n
 says:\n\n	 says:\n\n	 dit :\n\n	의 메시지:\n\n	说：\n\n	 diz:\n\n	 dice:\n\n
ERROR: unknown BibleSync indicator: 	ERROR: unknown BibleSync indicator: 	ERREUR : indicateur BibleSync inconnu : 	오류: 알 수 없는 BibleSync 표시자: 	错误：未知 BibleSync 标识：	ERRO: indicador BibleSync desconhecido: 	ERROR: indicador BibleSync desconocido: 
Other indications are:	Other indications are:	Les autres indications sont :	다른 표시는 다음과 같습니다:	其他标识为：	As outras indicações são:	Las otras indicaciones son:
D/I	D/I	D/I	D/I	D/I	D/I	D/I
IP address: 	IP address: 	Adresse IP : 	IP 주소: 	IP 地址：	Endereço IP: 	Dirección IP: 
\nApplication: 	\nApplication: 	\nApplication : 	\n앱: 	\n应用：	\nAplicativo: 	\nAplicación: 
\nDevice: 	\nDevice: 	\nAppareil : 	\n장치: 	\n设备：	\nDispositivo: 	\nDispositivo: 
\nUUID: 	\nUUID: 	\nUUID : 	\nUUID: 	\nUUID：	\nUUID: 	\nUUID: 
<br/><br/><center><i>This module has no content at this point.</i></center>	<br/><br/><center><i>This module has no content at this point.</i></center>	<br/><br/><center><i>Ce module n’a pas de contenu à cet endroit.</i></center>	<br/><br/><center><i>이 위치에는 모듈 내용이 없습니다.</i></center>	<br/><br/><center><i>此模块在当前位置没有内容。</i></center>	<br/><br/><center><i>Este módulo não tem conteúdo neste ponto.</i></center>	<br/><br/><center><i>Este módulo no tiene contenido en este punto.</i></center>
Unknown parallel module: 	Unknown parallel module: 	Module parallèle inconnu : 	알 수 없는 병렬 모듈: 	未知平行模块：	Módulo paralelo desconhecido: 	Módulo paralelo desconocido: 
Failed to find 1st parallel module for display control.	Could not find the first parallel module for display control.	Premier module parallèle introuvable pour contrôler l’affichage.	표시 제어를 위한 첫 번째 병렬 모듈을 찾을 수 없습니다.	未找到用于控制显示的第一个平行模块。	Não foi possível encontrar o primeiro módulo paralelo para controlar a exibição.	No se encontró el primer módulo paralelo para controlar la vista.
A journal sectioned by Bible book and chapter. \par\par Module created by Xiphos.	A journal sectioned by Bible book and chapter. \par\par Module created by Xiphos.	Un journal organisé par livre et chapitre bibliques. \par\par Module créé par Xiphos.	성경의 책과 장별로 나눈 일지입니다. \par\par Xiphos에서 만든 모듈입니다.	按圣经书卷和章节划分的日记。\par\par 由 Xiphos 创建的模块。	Um diário organizado por livro e capítulo da Bíblia. \par\par Módulo criado pelo Xiphos.	Un diario dividido por libro y capítulo de la Biblia. \par\par Módulo creado por Xiphos.
BookChapter	BookChapter	BookChapter	BookChapter	BookChapter	BookChapter	BookChapter
Multi-word	Multiple words	Plusieurs mots	여러 단어	多个词语	Várias palavras	Varias palabras
Attribute	Attribute	Attribut	속성	属性	Atributo	Atributo
History ➛ Verse List	History ➛ Verse list	Historique ➛ Liste des versets	기록 ➛ 구절 목록	历史 ➛ 经节列表	Histórico ➛ Lista de versículos	Historial ➛ Lista de versículos
Add annotation. The verse will display with highlight colors and a *u marker to show content.	Add an annotation. The verse will use highlight colors and a *u content marker.	Ajouter une annotation. Le verset utilisera des couleurs de surlignage et un marqueur *u.	메모를 추가합니다. 구절에 강조 색상과 내용을 표시하는 *u 표지가 나타납니다.	添加注解。经节将以高亮颜色显示，并用 *u 标记表示内容。	Adicionar anotação. O versículo usará cores de destaque e uma marca *u para o conteúdo.	Añadir una anotación. El versículo mostrará colores de resaltado y una marca *u para su contenido.
New Annotation	New annotation	Nouvelle annotation	새 메모	新建注解	Nova anotação	Nueva anotación
Remove annotation.	Remove annotation.	Supprimer l’annotation.	메모 제거.	移除注解。	Remover anotação.	Eliminar anotación.
Cancel Annotation	Cancel annotation	Annuler l’annotation	메모 취소	取消注解	Cancelar anotação	Cancelar anotación
Annotation Dialog	Annotation dialog	Dialogue d’annotation	메모 대화상자	注解窗口	Janela de anotação	Ventana de anotación
Scan _Obsolete	Scan _obsolete modules	Rechercher les modules _obsolètes	이전 모듈 검색(_O)	扫描过时模块(_O)	Buscar módulos _obsoletos	Buscar módulos _obsoletos
Scan for obsolete modules and offer to delete them.	Scan for obsolete modules and offer to delete them.	Rechercher les modules obsolètes et proposer leur suppression.	이전 모듈을 검색하고 삭제 여부를 묻습니다.	扫描过时模块，并提供删除选项。	Buscar módulos obsoletos e oferecer sua exclusão.	Buscar módulos obsoletos y ofrecer eliminarlos.
Enter a Verse reference in Book 1:1 (or 1.1) format and press Return	Enter a verse reference as Book 1:1 (or 1.1) and press Enter	Saisir une référence sous la forme Livre 1:1 (ou 1.1) et appuyer sur Entrée	책 1:1 (또는 1.1) 형식으로 구절 참조를 입력하고 Enter를 누르세요	以书卷 1:1（或 1.1）格式输入经文引用并按 Enter	Digite uma referência como Livro 1:1 (ou 1.1) e pressione Enter	Escribe una referencia como Libro 1:1 (o 1.1) y pulsa Intro
Number of columns in which to display text; can be set per module in font dialog	Number of text columns; configurable per module in the font dialog	Nombre de colonnes ; réglable par module dans le dialogue des polices	본문 열 수. 글꼴 창에서 모듈별로 설정할 수 있습니다	正文列数，可在字体窗口中为每个模块设置	Número de colunas do texto; configurável por módulo na janela de fontes	Número de columnas de texto; configurable por módulo en el diálogo de tipografía
When unset, leave a ragged margin.	When unchecked, leave the margin unaligned.	Si décoché, laisser la marge non alignée.	해제하면 여백을 정렬하지 않습니다.	未选中时不对齐边缘。	Desmarcado, deixa a margem sem alinhamento.	Sin marcar, deja el margen sin alinear.
When checked, do not transmit every time Xiphos navigates; instead, transmit only using keyboard shortcut (Ctrl-Shift-Alt-N).	When checked, transmit navigation only with Ctrl-Shift-Alt-N, not every time Xiphos navigates.	Si coché, transmettre la navigation uniquement avec Ctrl-Maj-Alt-N, pas à chaque déplacement de Xiphos.	선택하면 Xiphos에서 이동할 때마다 전송하지 않고 Ctrl-Shift-Alt-N으로만 전송합니다.	选中时不在每次 Xiphos 导航后发送，而仅通过 Ctrl-Shift-Alt-N 发送。	Marcado, transmite a navegação somente com Ctrl-Shift-Alt-N, não a cada navegação do Xiphos.	Marcado, transmite la navegación solo con Ctrl-Mayús-Alt-N, no cada vez que Xiphos navega.
BSP keyboard button	BibleSync keyboard control	Contrôle clavier BibleSync	BibleSync 키보드 제어	BibleSync 键盘控制	Controle de teclado BibleSync	Control de teclado BibleSync
Locale Combo	Interface language selector	Sélecteur de langue de l’interface	인터페이스 언어 선택	界面语言选择器	Seletor de idioma da interface	Selector de idioma de la interfaz
Enable Statusbar Checkbox	Show status bar checkbox	Case d’affichage de la barre d’état	상태 표시줄 표시 체크박스	显示状态栏复选框	Caixa para mostrar barra de status	Casilla para mostrar la barra de estado
Parallel window can use alternating foreground/background.	Parallel view can alternate text and background colors.	La vue parallèle peut alterner les couleurs du texte et du fond.	병렬 보기에서 글자와 배경 색상을 번갈아 표시할 수 있습니다.	平行视图可交替使用文字和背景颜色。	A vista paralela pode alternar cores do texto e do fundo.	La vista paralela puede alternar colores del texto y del fondo.
Enable Parallel Alternation Checkbox	Alternate parallel colors checkbox	Case d’alternance des couleurs parallèles	병렬 색상 교대 체크박스	交替平行颜色复选框	Caixa para alternar cores paralelas	Casilla para alternar colores en paralelo
For: 	For: 	Pour : 	대상: 	用于：	Para: 	Para: 
Multi-word radiobutton	Multiple words option	Option de recherche de plusieurs mots	여러 단어 옵션	多词搜索选项	Opção de várias palavras	Opción de búsqueda de varias palabras
Copyright © 2000-2026 Xiphos Development Team	Copyright © 2000-2026 Xiphos Development Team	Copyright © 2000-2026 Équipe de développement Xiphos	저작권 © 2000-2026 Xiphos 개발팀	版权所有 © 2000-2026 Xiphos 开发团队	Copyright © 2000-2026 Equipe de desenvolvimento Xiphos	Copyright © 2000-2026 Equipo de desarrollo Xiphos
Biblia Elim: No windows.	Biblia Elim: No windows.	Biblia Elim : aucune fenêtre.	Biblia Elim: 창이 없습니다.	Biblia Elim：没有窗口。	Biblia Elim: nenhuma janela.	Biblia Elim: no hay ventanas.
Can't create tabs dir.	Cannot create tabs directory.	Impossible de créer le dossier des onglets.	탭 폴더를 만들 수 없습니다.	无法创建标签页目录。	Não é possível criar a pasta das abas.	No se puede crear el directorio de pestañas.
\n\nThe first will open in the main window\nand others in separate windows.	\n\nThe first will open in the main window\nand others in separate windows.	\n\nLe premier s’ouvrira dans la fenêtre principale\net les autres dans des fenêtres séparées.	\n\n첫 번째는 기본 창에서 열리고\n나머지는 별도 창에서 열립니다.	\n\n第一个将在主窗口打开，\n其他将在独立窗口打开。	\n\nO primeiro abrirá na janela principal\ne os outros em janelas separadas.	\n\nEl primero se abrirá en la ventana principal\ny los demás en ventanas aparte.
wrong type, root node != Copy_Export\n	wrong type, root node != Copy_Export\n	type incorrect, nœud racine différent de Copy_Export\n	잘못된 유형: 루트 노드가 Copy_Export가 아닙니다\n	类型错误：根节点不是 Copy_Export\n	tipo incorreto, nó raiz diferente de Copy_Export\n	tipo incorrecto, nodo raíz distinto de Copy_Export\n
BibleSync is a network protocol providing the ability to share navigation within your Bible study program with cooperating programs on the local network.\n\nEnable BibleSync from Preferences:\nin personal mode, to share within a small group;\nor as either speaker or audience in a formal lecture setting.\n\nThere are options for how BibleSync behaves in Xiphos:\n- To follow others' navigation directly or indirectly.\n- To send your navigation every time or only via keyboard.\n- To select speakers to whom Xiphos should listen.\n\nA simple chat capability provides brief messages to be shared as well.\n\nSee the manual for details.\n(Preferences -> BibleSync Settings and Interface -> Keyboard Shortcuts.)	BibleSync shares Bible navigation with other programs on the local network.\n\nEnable it in Preferences, in personal mode for a small group, or as speaker/audience for a lecture.\n\nYou can follow others directly or through a verse list, send navigation automatically or by keyboard, and choose speakers to follow.\n\nBrief chat messages are also supported.\n\nSee the manual: Preferences → BibleSync, and Interface → Keyboard Shortcuts.	BibleSync partage la navigation biblique avec d’autres programmes du réseau local.\n\nActivez-le dans les préférences : mode personnel pour un petit groupe, ou intervenant/audience pour une conférence.\n\nVous pouvez suivre les autres directement ou par une liste de versets, envoyer la navigation automatiquement ou au clavier et choisir les intervenants à suivre.\n\nDe courts messages de discussion sont également possibles.\n\nConsultez le manuel : Préférences → BibleSync et Interface → Raccourcis clavier.	BibleSync는 로컬 네트워크의 다른 프로그램과 성경 탐색을 공유합니다.\n\n환경 설정에서 소규모 그룹용 개인 모드나 강의용 발표자/청중 모드로 활성화하세요.\n\n다른 사용자를 직접 또는 구절 목록으로 따라가거나, 탐색을 자동 또는 키보드로 전송하고, 따를 발표자를 선택할 수 있습니다.\n\n짧은 채팅 메시지도 지원합니다.\n\n설명서의 환경 설정 → BibleSync 및 인터페이스 → 키보드 바로 가기를 참조하세요.	BibleSync 可与局域网中的其他程序共享圣经导航。\n\n在首选项中启用：小组使用个人模式，讲课使用讲者或听众模式。\n\n可以直接或通过经节列表跟随他人导航，自动或通过键盘发送导航，并选择要跟随的讲者。\n\n还支持简短聊天消息。\n\n请参阅手册：首选项 → BibleSync，以及界面 → 键盘快捷键。	BibleSync compartilha a navegação bíblica com outros programas na rede local.\n\nAtive nas Preferências: modo pessoal para um grupo pequeno, ou orador/audiência para uma palestra.\n\nVocê pode seguir outros diretamente ou por uma lista de versículos, enviar a navegação automaticamente ou pelo teclado e escolher oradores para acompanhar.\n\nTambém permite mensagens curtas de conversa.\n\nVeja o manual: Preferências → BibleSync e Interface → Atalhos de teclado.	BibleSync comparte la navegación bíblica con otros programas de la red local.\n\nActívalo en Preferencias: modo personal para un grupo pequeño, o como orador/audiencia para una exposición.\n\nPuedes seguir a otros directamente o mediante una lista de versículos, enviar la navegación automáticamente o con el teclado y elegir a qué oradores escuchar.\n\nTambién permite mensajes breves de chat.\n\nConsulta el manual: Preferencias → BibleSync e Interfaz → Atajos de teclado.
Do you like using Xiphos to study the Bible? Would you like to see its user interface in your native language? You could translate Xiphos! \n\nWe are always looking for contributions of new translations of Xiphos into other languages. If you are able to translate for us, please see the link below, contact us, and get involved with our efforts. Your help will be much appreciated!	Do you enjoy studying the Bible with Xiphos? You can help translate its interface into your language.\n\nNew translation contributions are welcome. Use the link below to find instructions and join the translation effort.	Vous aimez étudier la Bible avec Xiphos ? Vous pouvez aider à traduire son interface dans votre langue.\n\nLes nouvelles traductions sont les bienvenues. Le lien ci-dessous explique comment participer.	Xiphos로 성경을 연구하는 것이 좋으신가요? 인터페이스를 모국어로 번역하는 데 참여할 수 있습니다.\n\n새 번역 기여를 환영합니다. 아래 링크에서 안내를 확인하고 번역에 참여하세요.	您喜欢使用 Xiphos 研读圣经吗？您可以帮助将界面翻译成自己的语言。\n\n欢迎贡献新译文。请通过下方链接查看说明并参与翻译。	Você gosta de estudar a Bíblia com Xiphos? Pode ajudar a traduzir a interface para seu idioma.\n\nNovas traduções são bem-vindas. Use o link abaixo para ver as instruções e participar.	¿Te gusta estudiar la Biblia con Xiphos? Puedes ayudar a traducir su interfaz a tu idioma.\n\nLas nuevas traducciones son bienvenidas. El enlace de abajo explica cómo participar.
Importar marcadores	Import bookmarks	Importer les signets	책갈피 가져오기	导入书签	Importar marcadores	Importar marcadores
Doble espacio	Double spacing	Double interligne	두 줄 간격	双倍行距	Espaçamento duplo	Doble espacio
Imprimir	Print	Imprimer	인쇄	打印	Imprimir	Imprimir
%s<center>%s<br>Chapter %d</center><br>	%s<center>%s<br>Chapter %d</center><br>	%s<center>%s<br>Chapitre %d</center><br>	%s<center>%s<br>제%d장</center><br>	%s<center>%s<br>第 %d 章</center><br>	%s<center>%s<br>Capítulo %d</center><br>	%s<center>%s<br>Capítulo %d</center><br>
<br><center>Chapter %d</center><br>	<br><center>Chapter %d</center><br>	<br><center>Chapitre %d</center><br>	<br><center>제%d장</center><br>	<br><center>第 %d 章</center><br>	<br><center>Capítulo %d</center><br>	<br><center>Capítulo %d</center><br>
%s\n\nChapter %d\n\n	%s\n\nChapter %d\n\n	%s\n\nChapitre %d\n\n	%s\n\n제%d장\n\n	%s\n\n第 %d 章\n\n	%s\n\nCapítulo %d\n\n	%s\n\nCapítulo %d\n\n
\n\nChapter %d\n\n	\n\nChapter %d\n\n	\n\nChapitre %d\n\n	\n\n제%d장\n\n	\n\n第 %d 章\n\n	\n\nCapítulo %d\n\n	\n\nCapítulo %d\n\n
%s%s: %s Chapter %d<br><br>	%s%s: %s Chapter %d<br><br>	%s%s : %s Chapitre %d<br><br>	%s%s: %s 제%d장<br><br>	%s%s：%s 第 %d 章<br><br>	%s%s: %s Capítulo %d<br><br>	%s%s: %s Capítulo %d<br><br>
%s: %s Chapter %d\n\n	%s: %s Chapter %d\n\n	%s : %s Chapitre %d\n\n	%s: %s 제%d장\n\n	%s：%s 第 %d 章\n\n	%s: %s Capítulo %d\n\n	%s: %s Capítulo %d\n\n
