Todos los idiomas	All languages	Toutes les langues	모든 언어	所有语言	Todos os idiomas
Solo Biblias	Bibles only	Bibles uniquement	성경만	仅圣经	Somente Bíblias
Ningún módulo coincide. Cambie el idioma, la búsqueda o pulse Actualizar catálogo.	No modules match. Change the language or search, or refresh the catalog.	Aucun module ne correspond. Modifiez la langue ou la recherche, ou actualisez le catalogue.	일치하는 모듈이 없습니다. 언어나 검색어를 바꾸거나 목록을 새로 고치세요.	没有匹配的模块。请更改语言或搜索词，或刷新目录。	Nenhum módulo corresponde. Altere o idioma, a busca ou atualize o catálogo.
Marque las Biblias y pulse Instalar. Se descargan e instalan en un paso.	Select Bibles and press Install. They are downloaded and installed in one step.	Sélectionnez les Bibles et cliquez sur Installer. Elles sont téléchargées et installées en une seule étape.	성경을 선택하고 설치를 누르세요. 다운로드와 설치가 한 번에 진행됩니다.	选中圣经并点击安装。下载和安装会一次完成。	Marque as Bíblias e clique em Instalar. Elas são baixadas e instaladas em uma etapa.
No hay fuentes remotas configuradas.	No remote sources are configured.	Aucune source distante n’est configurée.	설정된 원격 출처가 없습니다.	未配置远程来源。	Nenhuma fonte remota está configurada.
Descargando catálogo de %s…	Downloading catalog from %s…	Téléchargement du catalogue de %s…	%s 목록 다운로드 중…	正在下载 %s 的目录…	Baixando catálogo de %s…
No se pudo actualizar el catálogo. Pruebe otra fuente o CrossWire HTTPS.	Could not refresh the catalog. Try another source or CrossWire HTTPS.	Impossible d’actualiser le catalogue. Essayez une autre source ou CrossWire HTTPS.	목록을 새로 고칠 수 없습니다. 다른 출처나 CrossWire HTTPS를 사용하세요.	无法刷新目录。请尝试其他来源或 CrossWire HTTPS。	Não foi possível atualizar o catálogo. Tente outra fonte ou CrossWire HTTPS.
No se pudo descargar el catálogo.\nCompruebe la red o elija otra fuente (por ejemplo CrossWire HTTPS o eBible.org HTTPS).	Could not download the catalog.\nCheck the network or choose another source (such as CrossWire HTTPS or eBible.org HTTPS).	Impossible de télécharger le catalogue.\nVérifiez le réseau ou choisissez une autre source (par exemple CrossWire HTTPS ou eBible.org HTTPS).	목록을 다운로드할 수 없습니다.\n네트워크를 확인하거나 다른 출처 (예: CrossWire HTTPS 또는 eBible.org HTTPS)를 선택하세요.	无法下载目录。\n请检查网络或选择其他来源（例如 CrossWire HTTPS 或 eBible.org HTTPS）。	Não foi possível baixar o catálogo.\nVerifique a rede ou escolha outra fonte (por exemplo CrossWire HTTPS ou eBible.org HTTPS).
Leyendo módulos de %s…	Reading modules from %s…	Lecture des modules de %s…	%s 모듈 읽는 중…	正在读取 %s 的模块…	Lendo módulos de %s…
Este repositorio no devolvió módulos.	This repository returned no modules.	Ce dépôt n’a renvoyé aucun module.	이 저장소에서 모듈을 찾을 수 없습니다.	此仓库未返回任何模块。	Este repositório não retornou módulos.
No se pudo abrir el archivo .zip.	Could not open the .zip file.	Impossible d’ouvrir le fichier .zip.	.zip 파일을 열 수 없습니다.	无法打开 .zip 文件。	Não foi possível abrir o arquivo .zip.
El archivo .zip esta vacio o dañado.	The .zip file is empty or damaged.	Le fichier .zip est vide ou endommagé.	.zip 파일이 비어 있거나 손상되었습니다.	.zip 文件为空或已损坏。	O arquivo .zip está vazio ou danificado.
Error al copiar archivo.	Error copying file.	Erreur de copie du fichier.	파일 복사 오류.	复制文件出错。	Erro ao copiar arquivo.
Error al leer archivo.	Error reading file.	Erreur de lecture du fichier.	파일 읽기 오류.	读取文件出错。	Erro ao ler arquivo.
No se pudo crear una carpeta temporal.	Could not create a temporary folder.	Impossible de créer un dossier temporaire.	임시 폴더를 만들 수 없습니다.	无法创建临时文件夹。	Não foi possível criar uma pasta temporária.
No se pudo generar el módulo (falta la herramienta "imp2vs" del paquete sword en este sistema, o el archivo tiene un problema).	Could not generate the module (the sword package’s “imp2vs” tool is missing, or the file has a problem).	Impossible de générer le module (l’outil « imp2vs » du paquet sword manque ou le fichier est défectueux).	모듈을 생성할 수 없습니다 (sword 패키지의 “imp2vs” 도구가 없거나 파일에 문제가 있습니다).	无法生成模块（系统缺少 sword 软件包的“imp2vs”工具，或文件存在问题）。	Não foi possível gerar o módulo (falta a ferramenta “imp2vs” do pacote sword, ou o arquivo tem um problema).
No se pudo escribir el archivo .conf del módulo.	Could not write the module’s .conf file.	Impossible d’écrire le fichier .conf du module.	모듈의 .conf 파일을 쓸 수 없습니다.	无法写入模块的 .conf 文件。	Não foi possível escrever o arquivo .conf do módulo.
No se pudo extraer el archivo .zip.	Could not extract the .zip file.	Impossible d’extraire le fichier .zip.	.zip 파일의 압축을 풀 수 없습니다.	无法解压 .zip 文件。	Não foi possível extrair o arquivo .zip.
El archivo .zip no contiene un módulo SWORD válido.\n\nSe espera una carpeta "mods.d" (con un archivo .conf) y una carpeta "modules" adentro, tal como lo distribuyen los editores de módulos SWORD.	The .zip file contains no valid SWORD module.\n\nIt should contain a “mods.d” folder (with a .conf file) and a “modules” folder, as distributed by SWORD module publishers.	Le fichier .zip ne contient aucun module SWORD valide.\n\nIl doit contenir un dossier « mods.d » (avec un fichier .conf) et un dossier « modules », comme les distribuent les éditeurs SWORD.	.zip 파일에 유효한 SWORD 모듈이 없습니다.\n\nSWORD 모듈 배포 형식대로 “mods.d” 폴더 (.conf 파일 포함)와 “modules” 폴더가 있어야 합니다.	.zip 文件不包含有效的 SWORD 模块。\n\n应包含“mods.d”文件夹（内有 .conf 文件）及“modules”文件夹，与 SWORD 模块发布者的分发格式一致。	O arquivo .zip não contém um módulo SWORD válido.\n\nDeve conter uma pasta “mods.d” (com um arquivo .conf) e uma pasta “modules”, conforme a distribuição dos editores SWORD.
No se encontró ningún módulo (.conf) dentro del archivo .zip.	No module (.conf) was found in the .zip file.	Aucun module (.conf) n’a été trouvé dans le fichier .zip.	.zip 파일에 모듈 (.conf)이 없습니다.	.zip 文件中未找到模块（.conf）。	Nenhum módulo (.conf) foi encontrado no arquivo .zip.
Instalando %s…	Installing %s…	Installation de %s…	%s 설치 중…	正在安装 %s…	Instalando %s…
%d módulo(s) instalado(s) desde archivo. Ya aparecen en Comparar y en el selector.	%d module(s) installed from file. They are available in Compare and the selector.	%d module(s) installé(s) depuis un fichier. Ils sont disponibles dans Comparer et le sélecteur.	파일에서 모듈 %d개를 설치했습니다. 비교와 선택기에 표시됩니다.	已从文件安装 %d 个模块。现可在比较和选择器中使用。	%d módulo(s) instalado(s) de arquivo. Já aparecem em Comparar e no seletor.
No se pudo copiar el módulo: %s	Could not copy the module: %s	Impossible de copier le module : %s	모듈을 복사할 수 없습니다: %s	无法复制模块：%s	Não foi possível copiar o módulo: %s
verifique permisos de escritura en ~/.sword.	check write permissions in ~/.sword.	vérifiez les droits d’écriture dans ~/.sword.	~/.sword의 쓰기 권한을 확인하세요.	请检查 ~/.sword 的写入权限。	verifique as permissões de escrita em ~/.sword.
Leyendo módulo MySword…	Reading MySword module…	Lecture du module MySword…	MySword 모듈 읽는 중…	正在读取 MySword 模块…	Lendo módulo MySword…
No se pudo leer el módulo MySword.	Could not read the MySword module.	Impossible de lire le module MySword.	MySword 모듈을 읽을 수 없습니다.	无法读取 MySword 模块。	Não foi possível ler o módulo MySword.
Generando módulo…	Generating module…	Génération du module…	모듈 생성 중…	正在生成模块…	Gerando módulo…
Módulo "%s" instalado (%d versículos). Ya aparece en Comparar y en el selector.	Module “%s” installed (%d verses). It is available in Compare and the selector.	Module « %s » installé (%d versets). Il est disponible dans Comparer et le sélecteur.	모듈 “%s”를 설치했습니다 (%d절). 비교와 선택기에 표시됩니다.	已安装模块“%s”（%d 节）。现可在比较和选择器中使用。	Módulo “%s” instalado (%d versículos). Já aparece em Comparar e no seletor.
No se pudo instalar el módulo: %s	Could not install the module: %s	Impossible d’installer le module : %s	모듈을 설치할 수 없습니다: %s	无法安装模块：%s	Não foi possível instalar o módulo: %s
error desconocido.	unknown error.	erreur inconnue.	알 수 없는 오류.	未知错误。	erro desconhecido.
error desconocido	unknown error	erreur inconnue	알 수 없는 오류	未知错误	erro desconhecido
Leyendo módulo theWord…	Reading theWord module…	Lecture du module theWord…	theWord 모듈 읽는 중…	正在读取 theWord 模块…	Lendo módulo theWord…
No se pudo leer el módulo theWord.	Could not read the theWord module.	Impossible de lire le module theWord.	theWord 모듈을 읽을 수 없습니다.	无法读取 theWord 模块。	Não foi possível ler o módulo theWord.
Todos los formatos admitidos	All supported formats	Tous les formats pris en charge	지원되는 모든 형식	所有支持的格式	Todos os formatos aceitos
Módulo SWORD (.zip)	SWORD module (.zip)	Module SWORD (.zip)	SWORD 모듈 (.zip)	SWORD 模块（.zip）	Módulo SWORD (.zip)
MySword (.bbl.mybible)	MySword (.bbl.mybible)	MySword (.bbl.mybible)	MySword (.bbl.mybible)	MySword（.bbl.mybible）	MySword (.bbl.mybible)
theWord (.ont, .ot, .nt)	theWord (.ont, .ot, .nt)	theWord (.ont, .ot, .nt)	theWord (.ont, .ot, .nt)	theWord（.ont、.ot、.nt）	theWord (.ont, .ot, .nt)
Este es un módulo theWord cifrado/comercial (.ontx/.otx/.ntx). No se puede convertir: esa protección existe para hacer cumplir la licencia del editor y esta app no la evade.	This is an encrypted/commercial theWord module (.ontx/.otx/.ntx). It cannot be converted: this protection enforces the publisher’s license and the app does not bypass it.	Ce module theWord est chiffré/commercial (.ontx/.otx/.ntx). Il ne peut pas être converti : cette protection garantit la licence de l’éditeur et l’application ne la contourne pas.	암호화된 상업용 theWord 모듈 (.ontx/.otx/.ntx)입니다. 출판사의 라이선스를 보호하는 장치이므로 이 앱은 이를 우회하여 변환하지 않습니다.	这是加密或商业版 theWord 模块（.ontx/.otx/.ntx），无法转换。该保护用于执行发布者的许可，本应用不会绕过它。	Este é um módulo theWord criptografado/comercial (.ontx/.otx/.ntx). Não pode ser convertido: a proteção garante a licença do editor e o aplicativo não a contorna.
Los módulos de e-Sword no son compatibles con esta función.	e-Sword modules are not supported by this feature.	Cette fonction ne prend pas en charge les modules e-Sword.	이 기능은 e-Sword 모듈을 지원하지 않습니다.	此功能不支持 e-Sword 模块。	Os módulos do e-Sword não são compatíveis com esta função.
Formato no reconocido. Se admiten: módulos SWORD (.zip), MySword (.bbl.mybible) y theWord (.ont, .ot, .nt) sin cifrar.	Unknown format. Supported: SWORD (.zip), MySword (.bbl.mybible) and unencrypted theWord (.ont, .ot, .nt) modules.	Format inconnu. Formats acceptés : SWORD (.zip), MySword (.bbl.mybible) et theWord non chiffré (.ont, .ot, .nt).	알 수 없는 형식입니다. SWORD (.zip), MySword (.bbl.mybible), 암호화되지 않은 theWord (.ont, .ot, .nt) 모듈을 지원합니다.	无法识别格式。支持 SWORD（.zip）、MySword（.bbl.mybible）以及未加密的 theWord（.ont、.ot、.nt）模块。	Formato não reconhecido. São aceitos módulos SWORD (.zip), MySword (.bbl.mybible) e theWord (.ont, .ot, .nt) sem criptografia.
Marque al menos una Biblia para instalar.	Select at least one Bible to install.	Sélectionnez au moins une Bible à installer.	설치할 성경을 하나 이상 선택하세요.	请至少选中一本要安装的圣经。	Marque pelo menos uma Bíblia para instalar.
Descargando e instalando %s (%u de %u)…	Downloading and installing %s (%u of %u)…	Téléchargement et installation de %s (%u sur %u)…	%s 다운로드 및 설치 중 (%u / %u)…	正在下载并安装 %s（%u / %u）…	Baixando e instalando %s (%u de %u)…
%d instaladas, %d con error. Las nuevas ya aparecen en Comparar y en el selector.	%d installed, %d failed. New Bibles are available in Compare and the selector.	%d installées, %d en erreur. Les nouvelles Bibles sont disponibles dans Comparer et le sélecteur.	%d개 설치됨, %d개 실패. 새 성경은 비교와 선택기에 표시됩니다.	已安装 %d 本，失败 %d 本。新圣经已可在比较和选择器中使用。	%d instaladas, %d com erro. As novas já aparecem em Comparar e no seletor.
No se pudieron instalar %d módulos. Pruebe otra fuente o Actualizar catálogo.	Could not install %d modules. Try another source or refresh the catalog.	Impossible d’installer %d modules. Essayez une autre source ou actualisez le catalogue.	모듈 %d개를 설치할 수 없습니다. 다른 출처를 사용하거나 목록을 새로 고치세요.	无法安装 %d 个模块。请尝试其他来源或刷新目录。	Não foi possível instalar %d módulos. Tente outra fonte ou atualize o catálogo.
%d Biblias instaladas. Ya aparecen en Comparar y en el selector.	%d Bibles installed. They are available in Compare and the selector.	%d Bibles installées. Elles sont disponibles dans Comparer et le sélecteur.	성경 %d개를 설치했습니다. 비교와 선택기에 표시됩니다.	已安装 %d 本圣经。现可在比较和选择器中使用。	%d Bíblias instaladas. Já aparecem em Comparar e no seletor.
Descargar e instalar desde fuentes de CrossWire	Download and install from CrossWire sources	Télécharger et installer depuis les sources CrossWire	CrossWire 출처에서 다운로드 및 설치	从 CrossWire 来源下载并安装	Baixar e instalar de fontes do CrossWire
Descargar e instalar Biblias de CrossWire, eBible y otras fuentes	Download and install Bibles from CrossWire, eBible and other sources	Télécharger et installer des Bibles depuis CrossWire, eBible et d’autres sources	CrossWire, eBible 및 기타 출처에서 성경 다운로드 및 설치	从 CrossWire、eBible 和其他来源下载并安装圣经	Baixar e instalar Bíblias do CrossWire, eBible e outras fontes
Elija una fuente, filtre por idioma o nombre, marque las Biblias y pulse Instalar. Se descargan y quedan listas para leer y comparar.	Choose a source, filter by language or name, select Bibles and press Install. They will be ready to read and compare.	Choisissez une source, filtrez par langue ou nom, sélectionnez les Bibles et cliquez sur Installer. Elles seront prêtes à lire et comparer.	출처를 선택하고 언어나 이름으로 필터링한 후 성경을 선택하여 설치하세요. 읽기와 비교에 사용할 수 있습니다.	选择来源，按语言或名称筛选，勾选圣经并点击安装。安装后即可阅读和比较。	Escolha uma fonte, filtre por idioma ou nome, marque as Bíblias e clique em Instalar. Elas ficarão prontas para ler e comparar.
CrossWire es el catálogo principal. eBible.org tiene muchas lenguas vernáculas. HTTPS ayuda si el FTP está bloqueado.	CrossWire is the main catalog. eBible.org has many local languages. HTTPS helps if FTP is blocked.	CrossWire est le catalogue principal. eBible.org propose de nombreuses langues locales. HTTPS est utile si FTP est bloqué.	CrossWire가 기본 목록입니다. eBible.org에는 다양한 지역 언어가 있습니다. FTP가 차단된 경우 HTTPS를 사용하세요.	CrossWire 是主目录。eBible.org 提供许多地方语言。FTP 被阻止时可使用 HTTPS。	CrossWire é o catálogo principal. eBible.org tem muitos idiomas locais. HTTPS ajuda quando FTP está bloqueado.
Descargar la lista de módulos de esta fuente	Download this source’s module list	Télécharger la liste des modules de cette source	이 출처의 모듈 목록 다운로드	下载此来源的模块列表	Baixar a lista de módulos desta fonte
Gestor completo de módulos (comentaristas, diccionarios, fuentes locales)	Full module manager (commentaries, dictionaries, local sources)	Gestionnaire complet des modules (commentaires, dictionnaires, sources locales)	전체 모듈 관리자 (주석, 사전, 로컬 출처)	完整模块管理器（注释、词典、本地来源）	Gerenciador completo de módulos (comentários, dicionários, fontes locais)
Descargar las Biblias marcadas e instalarlas en este equipo	Download selected Bibles and install them on this computer	Télécharger les Bibles sélectionnées et les installer sur cet ordinateur	선택한 성경을 다운로드하여 이 컴퓨터에 설치	下载选中的圣经并安装到此电脑	Baixar as Bíblias marcadas e instalá-las neste computador
No se puede eliminar el módulo actualmente abierto.	The currently open module cannot be removed.	Le module actuellement ouvert ne peut pas être supprimé.	현재 열린 모듈은 제거할 수 없습니다.	无法移除当前打开的模块。	Não é possível remover o módulo aberto atualmente.
¿Eliminar el módulo %s?	Remove module %s?	Supprimer le module %s ?	모듈 %s을 제거할까요?	移除模块 %s 吗？	Remover o módulo %s?
No se encontraron archivos USFM.	No USFM files were found.	Aucun fichier USFM n’a été trouvé.	USFM 파일을 찾을 수 없습니다.	未找到 USFM 文件。	Nenhum arquivo USFM foi encontrado.
Search ✓	Search ✓	Recherche ✓	검색 ✓	搜索 ✓	Busca ✓
Copia SQLite de una Biblia instalada. Se conserva su identificador.\nEl original SWORD permanece disponible como respaldo.	SQLite copy of an installed Bible. Its ID is preserved.\nThe original SWORD module remains available as a backup.	Copie SQLite d’une Bible installée. Son identifiant est conservé.\nL’original SWORD reste disponible en secours.	설치된 성경의 SQLite 사본입니다. ID가 유지됩니다.\n원본 SWORD 모듈은 백업으로 남습니다.	已安装圣经的 SQLite 副本，保留原标识符。\n原始 SWORD 模块仍可作为备用。	Cópia SQLite de uma Bíblia instalada. O identificador é mantido.\nO original SWORD continua disponível como reserva.
Ya se están pasando Biblias a SQLite; espere a que termine la barra de progreso.	Bibles are already being converted to SQLite; wait for the progress bar to finish.	Des Bibles sont déjà en cours de conversion vers SQLite ; attendez la fin de la progression.	성경을 SQLite로 변환 중입니다. 진행이 완료될 때까지 기다리세요.	正在将圣经转换为 SQLite，请等待进度条完成。	As Bíblias já estão sendo convertidas para SQLite; aguarde a conclusão da barra de progresso.
Se conservan el ID, las notas y los marcadores; el módulo SWORD original queda como respaldo. Puede seguir leyendo mientras tanto.	The ID, notes and bookmarks are preserved; the original SWORD module remains as a backup. You can keep reading during conversion.	L’identifiant, les notes et les signets sont conservés ; l’original SWORD reste en secours. Vous pouvez continuer à lire pendant la conversion.	ID, 메모 및 책갈피가 유지되며 원본 SWORD 모듈은 백업으로 남습니다. 변환 중에도 계속 읽을 수 있습니다.	保留标识符、笔记和书签，原始 SWORD 模块作为备用。转换期间可以继续阅读。	O ID, as notas e os marcadores são mantidos; o módulo SWORD original fica como reserva. Você pode continuar lendo durante a conversão.
Pasando a SQLite: %s (%zu de %zu)	Converting to SQLite: %s (%zu of %zu)	Conversion vers SQLite : %s (%zu sur %zu)	SQLite로 변환 중: %s (%zu / %zu)	正在转换为 SQLite：%s（%zu / %zu）	Convertendo para SQLite: %s (%zu de %zu)
 Biblia convertida a SQLite.	 Bible converted to SQLite.	 Bible convertie en SQLite.	개의 성경을 SQLite로 변환했습니다.	 本圣经已转换为 SQLite。	 Bíblia convertida para SQLite.
 Biblias convertidas a SQLite.	 Bibles converted to SQLite.	 Bibles converties en SQLite.	개의 성경을 SQLite로 변환했습니다.	 本圣经已转换为 SQLite。	 Bíblias convertidas para SQLite.
: sin conversión, se lee con SWORD.	: not converted, read using SWORD.	 : non convertie, lecture avec SWORD.	: 변환되지 않아 SWORD로 읽습니다.	：未转换，使用 SWORD 阅读。	: sem conversão, lida com SWORD.
: convertida a SQLite; ya se lee desde SQLite.	: converted to SQLite; now read using SQLite.	 : convertie en SQLite ; lecture désormais avec SQLite.	: SQLite로 변환되어 이제 SQLite로 읽습니다.	：已转换为 SQLite，现在使用 SQLite 阅读。	: convertida para SQLite; agora lida pelo SQLite.
la conversión terminó de forma inesperada	the conversion ended unexpectedly	la conversion s’est arrêtée de façon inattendue	변환이 예기치 않게 종료되었습니다	转换意外结束	a conversão terminou inesperadamente
Instalar un módulo comprado o recibido por fuera de este catálogo.\nFormatos admitidos: módulo SWORD (.zip), MySword libre/sin cifrar (.bbl.mybible) y theWord libre/sin cifrar (.ont, .ot, .nt).\nNo admite e-Sword, ni módulos MySword/theWord cifrados o comerciales (.ontx/.otx/.ntx): esa protección existe para hacer cumplir la licencia del editor y esta app no la evade.	Install a module obtained outside this catalog.\nSupported formats: SWORD (.zip), free/unencrypted MySword (.bbl.mybible) and theWord (.ont, .ot, .nt).\nEncrypted or commercial modules (.ontx/.otx/.ntx) and e-Sword are unsupported; the app does not bypass publisher protections.	Installer un module obtenu hors de ce catalogue.\nFormats acceptés : SWORD (.zip), MySword libre/non chiffré (.bbl.mybible) et theWord (.ont, .ot, .nt).\nLes modules chiffrés ou commerciaux (.ontx/.otx/.ntx) et e-Sword ne sont pas pris en charge ; l’application ne contourne pas les protections des éditeurs.	이 목록 외부에서 받은 모듈을 설치합니다.\n지원 형식: SWORD (.zip), 무료/암호화되지 않은 MySword (.bbl.mybible), theWord (.ont, .ot, .nt).\n암호화된 상업용 모듈 (.ontx/.otx/.ntx)과 e-Sword는 지원하지 않으며 출판사의 보호 장치를 우회하지 않습니다.	安装在此目录之外获得的模块。\n支持格式：SWORD（.zip）、免费且未加密的 MySword（.bbl.mybible）和 theWord（.ont、.ot、.nt）。\n不支持 e-Sword 或加密、商业模块（.ontx/.otx/.ntx）；本应用不会绕过发布者的保护措施。	Instalar um módulo obtido fora deste catálogo.\nFormatos aceitos: SWORD (.zip), MySword livre/sem criptografia (.bbl.mybible) e theWord (.ont, .ot, .nt).\nNão aceita e-Sword nem módulos criptografados ou comerciais (.ontx/.otx/.ntx); o aplicativo não contorna as proteções dos editores.
Preparando %s para lectura rápida (SQLite)… %zu de %zu\nSe conservan el ID, las notas y los marcadores.\nEl módulo SWORD original queda como respaldo.	Preparing %s for fast reading (SQLite)… %zu of %zu\nThe ID, notes and bookmarks are preserved.\nThe original SWORD module remains as a backup.	Préparation de %s pour une lecture rapide (SQLite)… %zu sur %zu\nL’identifiant, les notes et les signets sont conservés.\nL’original SWORD reste en secours.	%s의 빠른 읽기 (SQLite) 준비 중… %zu / %zu\nID, 메모 및 책갈피가 유지됩니다.\n원본 SWORD 모듈은 백업으로 남습니다.	正在准备 %s 以快速阅读（SQLite）… %zu / %zu\n保留标识符、笔记和书签。\n原始 SWORD 模块作为备用。	Preparando %s para leitura rápida (SQLite)… %zu de %zu\nO ID, as notas e os marcadores são mantidos.\nO módulo SWORD original fica como reserva.
Biblias: SQLite · Comentarios y diccionarios: SWORD	Bibles: SQLite · Commentaries and dictionaries: SWORD	Bibles : SQLite · Commentaires et dictionnaires : SWORD	성경: SQLite · 주석 및 사전: SWORD	圣经：SQLite · 注释和词典：SWORD	Bíblias: SQLite · Comentários e dicionários: SWORD
Biblias: SWORD	Bibles: SWORD	Bibles : SWORD	성경: SWORD	圣经：SWORD	Bíblias: SWORD
Biblias: SWORD — SQLite no disponible; usando respaldo	Bibles: SWORD — SQLite unavailable; using backup	Bibles : SWORD — SQLite indisponible ; utilisation du secours	성경: SWORD — SQLite를 사용할 수 없어 백업 사용	圣经：SWORD — SQLite 不可用，正在使用备用	Bíblias: SWORD — SQLite indisponível; usando reserva
Migración SQLite incompleta: revise la ruta antigua	SQLite migration incomplete: check the old path	Migration SQLite incomplète : vérifiez l’ancien chemin	SQLite 이전이 완료되지 않았습니다. 이전 경로를 확인하세요	SQLite 迁移未完成：请检查旧路径	Migração SQLite incompleta: verifique o caminho antigo
