Abrir en púlpito	Open in pulpit view	Ouvrir en mode prédication	설교 화면에서 열기	在讲道视图中打开	Abrir no púlpito
Abrir en p_úlpito…	Open in _pulpit view…	Ouvrir en mode _prédication…	설교 화면에서 열기(_P)…	在讲道视图中打开(_P)…	Abrir no _púlpito…
Abrir en _púlpito	Open in _pulpit view	Ouvrir en mode _prédication	설교 화면에서 열기(_P)	在讲道视图中打开(_P)	Abrir no _púlpito
Púlpito · pantalla	Pulpit · screen	Prédication · écran	설교 · 화면	讲道 · 屏幕	Púlpito · tela
Empieza a predicar	Start preaching	Commencer à prêcher	설교 시작	开始讲道	Comece a pregar
Duración prevista:	Planned duration:	Durée prévue :	예정 시간:	计划时长：	Duração prevista:
minutos · 0 = sin aviso	minutes · 0 = no alert	minutes · 0 = sans alerte	분 · 0 = 알림 없음	分钟 · 0 = 不提醒	minutos · 0 = sem aviso
sin tiempo	no timer	sans chronomètre	시간 측정 없음	无计时	tempo não definido
nada	nothing	rien	없음	无	nada
el versículo	the verse	le verset	구절	经节	o versículo
el punto	the point	le point	요점	要点	o ponto
el versículo y el punto	the verse and the point	le verset et le point	구절과 요점	经节和要点	o versículo e o ponto
ilustración	illustration	illustration	예화	例证	ilustração
no hay segunda pantalla	no second screen	pas de second écran	두 번째 화면 없음	没有第二屏幕	não há segunda tela
En la segunda pantalla:	On the second screen:	Sur le second écran :	두 번째 화면:	在第二屏幕上：	Na segunda tela:
segunda pantalla: %s	second screen: %s	second écran : %s	두 번째 화면: %s	第二屏幕：%s	segunda tela: %s
segunda pantalla: %s · sigue en negro	second screen: %s · still black	second écran : %s · toujours noir	두 번째 화면: %s · 검은 화면 유지	第二屏幕：%s · 仍为黑屏	segunda tela: %s · continua preta
pantalla en negro	black screen	écran noir	검은 화면	黑屏	tela preta
pantalla encendida	screen on	écran allumé	화면 켜짐	屏幕开启	tela ligada
● pantalla en negro	● black screen	● écran noir	● 검은 화면	● 黑屏	● tela preta
tiempo: desde cero	timer: restarted	chronomètre : remis à zéro	타이머: 처음부터	计时：已归零	tempo: desde zero
queda el último quinto del tiempo	one fifth of the time remains	il reste un cinquième du temps	시간이 5분의 1 남았습니다	剩余五分之一的时间	resta um quinto do tempo
se cumplió el tiempo previsto	the planned time is up	la durée prévue est écoulée	예정 시간이 지났습니다	计划时间已到	o tempo previsto terminou
último paso	last step	dernière étape	마지막 단계	最后一步	último passo
No hay ningún bosquejo todavía.\n\nCréalo en la barra lateral, en las listas y esquemas, escribe los puntos y vuelve aquí.	There is no outline yet.\n\nCreate one in the sidebar’s lists and outlines, write its points and return here.	Il n’y a pas encore de plan.\n\nCréez-en un dans les listes et plans du panneau latéral, écrivez les points et revenez ici.	아직 개요가 없습니다.\n\n사이드바의 목록과 개요에서 만들고 요점을 작성한 후 돌아오세요.	还没有大纲。\n\n请在侧栏的列表与大纲中创建，写下要点后返回此处。	Ainda não há esboço.\n\nCrie um nas listas e esquemas do painel lateral, escreva os pontos e volte aqui.
No se pudo abrir ese bosquejo.	Could not open that outline.	Impossible d’ouvrir ce plan.	해당 개요를 열 수 없습니다.	无法打开该大纲。	Não foi possível abrir esse esboço.
«%s» no tiene pasos de púlpito.\n\nEscribe los puntos del bosquejo en el editor.	“%s” has no pulpit steps.\n\nWrite the outline’s points in the editor.	« %s » n’a pas d’étapes de prédication.\n\nÉcrivez les points du plan dans l’éditeur.	“%s”에는 설교 단계가 없습니다.\n\n편집기에서 개요의 요점을 작성하세요.	“%s”没有讲道步骤。\n\n请在编辑器中写下大纲要点。	“%s” não tem passos de púlpito.\n\nEscreva os pontos do esboço no editor.
Este sermón no tiene un texto base.	This sermon has no base passage.	Cette prédication n’a pas de passage de base.	이 설교에는 기본 본문이 없습니다.	此讲道没有基础经文。	Este sermão não tem um texto base.
¿Marcar «%s» como predicado?	Mark “%s” as preached?	Marquer « %s » comme prêché ?	“%s”을 설교 완료로 표시할까요?	将“%s”标为已讲道吗？	Marcar “%s” como pregado?
Has predicado %s.\n\n¿Marcar «%s» como predicado?	You preached for %s.\n\nMark “%s” as preached?	Vous avez prêché pendant %s.\n\nMarquer « %s » comme prêché ?	%s 동안 설교했습니다.\n\n“%s”을 설교 완료로 표시할까요?	您已讲道 %s。\n\n将“%s”标为已讲道吗？	Você pregou por %s.\n\nMarcar “%s” como pregado?
%s  ·  predicado	%s  ·  preached	%s  ·  prêché	%s  ·  설교 완료	%s  ·  已讲道	%s  ·  pregado
Espacio o ↓     el paso siguiente\n↑               el paso anterior\nN / P           punto siguiente / anterior\nInicio / Fin    primer / último paso\n\nV               el versículo, a pantalla\nB               el bosquejo entero\nC               el capítulo del texto base\nR               siguiente versículo de apoyo\nI               enseñar u ocultar la ilustración\n2               qué va a la segunda pantalla\n.               apagar y encender esa pantalla\nT               el tiempo, desde cero\nEsc             cerrar lo que esté abierto\n\n+ / −           tamaño de la letra\nQ               salir al sermón\nE               salir al editor del sermón\nL               salir al modo lectura en el texto\n?               esta lista	Space or ↓     next step\n↑               previous step\nN / P           next / previous point\nHome / End      first / last step\n\nV               show verse on screen\nB               entire outline\nC               base passage chapter\nR               next supporting verse\nI               show or hide illustration\n2               second screen content\n.               turn that screen off/on\nT               restart timer\nEsc             close the current view\n\n+ / −           text size\nQ               return to sermon\nE               open sermon editor\nL               open passage in reading mode\n?               this list	Espace ou ↓    étape suivante\n↑               étape précédente\nN / P           point suivant / précédent\nDébut / Fin     première / dernière étape\n\nV               afficher le verset\nB               plan entier\nC               chapitre du passage de base\nR               verset d’appui suivant\nI               afficher/masquer l’illustration\n2               contenu du second écran\n.               éteindre/allumer cet écran\nT               remettre le chronomètre à zéro\nÉchap           fermer la vue actuelle\n\n+ / −           taille du texte\nQ               revenir à la prédication\nE               ouvrir l’éditeur de prédication\nL               ouvrir le passage en mode lecture\n?               cette liste	Space 또는 ↓   다음 단계\n↑               이전 단계\nN / P           다음 / 이전 요점\nHome / End      처음 / 마지막 단계\n\nV               구절을 화면에 표시\nB               전체 개요\nC               기본 본문의 장\nR               다음 보조 구절\nI               예화 표시/숨기기\n2               두 번째 화면 내용\n.               해당 화면 끄기/켜기\nT               타이머 초기화\nEsc             현재 보기 닫기\n\n+ / −           글자 크기\nQ               설교로 돌아가기\nE               설교 편집기 열기\nL               본문을 읽기 모드에서 열기\n?               이 목록	空格或 ↓       下一步\n↑               上一步\nN / P           下一个 / 上一个要点\nHome / End      第一步 / 最后一步\n\nV               在屏幕显示经节\nB               完整大纲\nC               基础经文的章节\nR               下一个辅助经节\nI               显示或隐藏例证\n2               第二屏幕内容\n.               关闭或开启该屏幕\nT               计时归零\nEsc             关闭当前视图\n\n+ / −           字号\nQ               返回讲道\nE               打开讲道编辑器\nL               在阅读模式打开经文\n?               此列表	Espaço ou ↓    próximo passo\n↑               passo anterior\nN / P           ponto seguinte / anterior\nHome / End      primeiro / último passo\n\nV               mostrar versículo na tela\nB               esboço inteiro\nC               capítulo do texto base\nR               próximo versículo de apoio\nI               mostrar/ocultar ilustração\n2               conteúdo da segunda tela\n.               apagar/acender essa tela\nT               zerar o cronômetro\nEsc             fechar a vista atual\n\n+ / −           tamanho do texto\nQ               voltar ao sermão\nE               abrir o editor do sermão\nL               abrir a passagem no modo leitura\n?               esta lista
