Plan en curso	Current plan	Plan en cours	진행 중인 계획	当前计划	Plano em andamento
Plan personalizado	Custom plan	Plan personnalisé	맞춤 계획	自定义计划	Plano personalizado
Plan terminado. Enhorabuena.	Plan completed. Congratulations.	Plan terminé. Félicitations.	계획을 완료했습니다. 축하합니다.	计划已完成。恭喜！	Plano concluído. Parabéns.
Mi plan	My plan	Mon plan	내 계획	我的计划	Meu plano
Nuevo plan…	New plan…	Nouveau plan…	새 계획…	新建计划…	Novo plano…
Nombre del plan	Plan name	Nom du plan	계획 이름	计划名称	Nome do plano
Nombre:	Name:	Nom :	이름:	名称：	Nome:
Qué libros quieres leer	Which books to read	Quels livres lire	읽을 책 선택	要阅读哪些书卷	Quais livros você quer ler
Cuánto quieres que dure	How long it should take	Durée souhaitée	기간 선택	计划持续多久	Quanto tempo deve durar
Arma tu propio plan: elige libros, días y ritmo	Build your own plan: choose books, days and pace	Créez votre plan : choisissez les livres, les jours et le rythme	책, 기간 및 속도를 선택하여 계획을 만드세요	创建自己的计划：选择书卷、天数和节奏	Monte seu plano: escolha livros, dias e ritmo
Capítulos por día	Chapters per day	Chapitres par jour	하루 읽을 장 수	每天章节数	Capítulos por dia
Como mucho, capítulos que leerás cada día	Maximum chapters to read per day	Nombre maximal de chapitres par jour	하루에 읽을 최대 장 수	每天最多阅读多少章	No máximo, capítulos que você lerá por dia
Guardar el plan	Save plan	Enregistrer le plan	계획 저장	保存计划	Salvar o plano
Editar el plan	Edit plan	Modifier le plan	계획 편집	编辑计划	Editar o plano
Cambiar los libros o los días de un plan tuyo	Change the books or days in your plan	Modifier les livres ou la durée de votre plan	내 계획의 책이나 기간 변경	更改计划的书卷或天数	Alterar os livros ou os dias do seu plano
Borrar un plan tuyo	Delete your plan	Supprimer votre plan	내 계획 삭제	删除自己的计划	Excluir um plano seu
Empezar desde el inicio	Start from the beginning	Recommencer au début	처음부터 시작	从头开始	Começar desde o início
Empezar este plan	Start this plan	Commencer ce plan	이 계획 시작	开始此计划	Começar este plano
Elige un plan	Choose a plan	Choisir un plan	계획 선택	选择计划	Escolha um plano
Todavía no has marcado ninguna lectura	You have not marked any reading yet	Vous n’avez encore marqué aucune lecture	아직 읽기를 표시하지 않았습니다	您尚未标记任何阅读	Você ainda não marcou nenhuma leitura
Todavía no hay nada que contar	Nothing to count yet	Rien à compter pour le moment	아직 집계할 내용이 없습니다	还没有可统计的内容	Ainda não há nada para contar
Marcar como leído	Mark as read	Marquer comme lu	읽음으로 표시	标为已读	Marcar como lido
Marcar como leído: elige antes un plan	Mark as read: choose a plan first	Marquer comme lu : choisissez d’abord un plan	읽음으로 표시: 먼저 계획을 선택하세요	标为已读：请先选择计划	Marcar como lido: escolha antes um plano
Lectura de hoy: elige un plan y empieza	Today’s reading: choose a plan and begin	Lecture du jour : choisissez un plan et commencez	오늘의 읽기: 계획을 선택하고 시작하세요	今日阅读：选择计划并开始	Leitura de hoje: escolha um plano e comece
Tu lectura de hoy	Your reading today	Votre lecture du jour	오늘의 읽기	您今日的阅读	Sua leitura de hoje
Lectura	Reading	Lecture	읽기	阅读	Leitura
Leído	Read	Lu	읽음	已读	Lido
Leíste	You read	Vous avez lu	읽은 날	您已阅读	Você leu
Sin marcar	Unmarked	Non marqué	미표시	未标记	Não marcado
Todas las lecturas	All readings	Toutes les lectures	모든 읽기	所有阅读	Todas as leituras
Por libro	By book	Par livre	책별	按书卷	Por livro
Por plan	By plan	Par plan	계획별	按计划	Por plano
Libro/capítulo	Book/chapter	Livre/chapitre	책/장	书卷/章	Livro/capítulo
Todo el Antiguo Testamento	Entire Old Testament	Tout l’Ancien Testament	구약성경 전체	全部旧约	Todo o Antigo Testamento
Todo el Nuevo Testamento	Entire New Testament	Tout le Nouveau Testament	신약성경 전체	全部新约	Todo o Novo Testamento
Toda la Biblia	Entire Bible	Toute la Bible	성경 전체	整本圣经	Toda a Bíblia
La Biblia en un año	The Bible in a year	La Bible en un an	1년 성경 읽기	一年读完圣经	A Bíblia em um ano
Cronológico en un año	Chronological in a year	Chronologique en un an	연대순 1년 읽기	一年按时间顺序阅读	Cronológico em um ano
Nuevo Testamento en 90 días	New Testament in 90 days	Nouveau Testament en 90 jours	90일 신약성경 읽기	90 天读完新约	Novo Testamento em 90 dias
Salmos y Proverbios en un mes	Psalms and Proverbs in a month	Psaumes et Proverbes en un mois	한 달 시편과 잠언 읽기	一个月读完诗篇和箴言	Salmos e Provérbios em um mês
El Evangelio de Marcos (14 días)	The Gospel of Mark (14 days)	L’Évangile de Marc (14 jours)	마가복음 (14일)	马可福音（14 天）	O Evangelho de Marcos (14 dias)
Nuevo comienzo: Juan y Hechos (30 días)	New beginning: John and Acts (30 days)	Nouveau départ : Jean et Actes (30 jours)	새로운 시작: 요한복음과 사도행전 (30일)	新的开始：约翰福音和使徒行传（30 天）	Novo começo: João e Atos (30 dias)
Quién es Jesús (7 días)	Who is Jesus? (7 days)	Qui est Jésus ? (7 jours)	예수님은 누구인가? (7일)	耶稣是谁？（7 天）	Quem é Jesus? (7 dias)
Cuánto llevas leído por plan, por libro y de la Biblia entera	How much you have read by plan, book and across the whole Bible	Votre lecture effectuée par plan, par livre et dans toute la Bible	계획별, 책별 및 성경 전체의 읽기 진행 상황	按计划、书卷及整本圣经查看阅读进度	Quanto você já leu por plano, por livro e da Bíblia inteira
Se cuenta lo que has marcado como leído en tus planes. Un capítulo leído con dos planes distintos cuenta una vez.	Counts readings marked as read in your plans. A chapter read in two plans is counted once.	Les lectures marquées comme lues dans vos plans sont comptées. Un chapitre lu dans deux plans compte une seule fois.	계획에서 읽음으로 표시한 내용을 집계합니다. 두 계획에서 읽은 같은 장은 한 번만 계산합니다.	统计计划中标为已读的内容。同一章即使在两个计划中阅读，也只计一次。	Conta o que você marcou como lido nos planos. Um capítulo lido em dois planos conta uma vez.
Doble clic en un día para abrir su lectura	Double-click a day to open its reading	Double-cliquer sur un jour pour ouvrir sa lecture	날짜를 두 번 클릭하여 해당 읽기 열기	双击某一天以打开当天的阅读	Clique duas vezes em um dia para abrir sua leitura
El día anterior	Previous day	Jour précédent	이전 날	前一天	Dia anterior
El día siguiente	Next day	Jour suivant	다음 날	后一天	Próximo dia
Volver al día de hoy	Return to today	Revenir à aujourd’hui	오늘로 돌아가기	返回今天	Voltar ao dia de hoje
Hoy	Today	Aujourd’hui	오늘	今天	Hoje
hoy	today	aujourd’hui	오늘	今天	hoje
mañana	tomorrow	demain	내일	明天	amanhã
Ponerme al día	Catch up	Rattraper le retard	밀린 읽기 따라잡기	补上进度	Colocar em dia
Recuperar los días que te has saltado	Catch up on missed days	Rattraper les jours manqués	빠진 날짜의 읽기 따라잡기	补上漏读的日子	Recuperar os dias que você pulou
Darlos por leídos	Mark them as read	Les marquer comme lus	읽음으로 표시	标为已读	Marcar como lidos
Correr el calendario	Shift the calendar	Décaler le calendrier	일정 미루기	顺延日历	Adiar o calendário
No queda nada por marcar	Nothing left to mark	Plus rien à marquer	표시할 내용이 없습니다	没有剩余内容需要标记	Não resta nada para marcar
Constancia	Consistency	Régularité	꾸준함	坚持记录	Constância
Sin racha ahora mismo	No current streak	Aucune série en cours	현재 연속 기록 없음	当前没有连续记录	Sem sequência no momento
Hoy todavía no. La racha sigue viva hasta medianoche.  ·  	Not yet today. Your streak stays active until midnight.  ·  	Pas encore aujourd’hui. Votre série reste active jusqu’à minuit.  ·  	오늘은 아직 읽지 않았습니다. 자정까지 연속 기록이 유지됩니다.  ·  	今天尚未阅读。连续记录保留至午夜。  ·  	Hoje ainda não. A sequência continua até meia-noite.  ·  
%d de %d	%d of %d	%d sur %d	%d / %d	%d / %d	%d de %d
%d de %d capítulos de la Biblia · %d %%	%d of %d Bible chapters · %d %%	%d sur %d chapitres de la Bible · %d %%	성경 %d / %d장 · %d %%	圣经 %d / %d 章 · %d %%	%d de %d capítulos da Bíblia · %d %%
Antiguo Testamento %d de %d (%d %%)  ·  Nuevo Testamento %d de %d (%d %%)	Old Testament %d of %d (%d %%)  ·  New Testament %d of %d (%d %%)	Ancien Testament %d sur %d (%d %%)  ·  Nouveau Testament %d sur %d (%d %%)	구약 %d / %d (%d %%)  ·  신약 %d / %d (%d %%)	旧约 %d / %d（%d %%）  ·  新约 %d / %d（%d %%）	Antigo Testamento %d de %d (%d %%)  ·  Novo Testamento %d de %d (%d %%)
%d de %d días	%d of %d days	%d jours sur %d	%d / %d일	%d / %d 天	%d de %d dias
%d de %d días · %d por detrás	%d of %d days · %d behind	%d jours sur %d · %d de retard	%d / %d일 · %d일 늦음	%d / %d 天 · 落后 %d 天	%d de %d dias · %d de atraso
%d de %d días · %d%%	%d of %d days · %d%%	%d jours sur %d · %d%%	%d / %d일 · %d%%	%d / %d 天 · %d%%	%d de %d dias · %d%%
%d de %d días · al día	%d of %d days · on schedule	%d jours sur %d · à jour	%d / %d일 · 일정대로	%d / %d 天 · 按计划进行	%d de %d dias · em dia
%d de %s de %d	%d %s %d	%d %s %d	%d %s %d	%d %s %d	%d de %s de %d
Día %d	Day %d	Jour %d	%d일차	第 %d 天	Dia %d
Día %d de %d · %s	Day %d of %d · %s	Jour %d sur %d · %s	%d / %d일 · %s	第 %d / %d 天 · %s	Dia %d de %d · %s
Día %d marcado · %d de %d días · lo siguiente: %s	Day %d marked · %d of %d days · next: %s	Jour %d marqué · %d jours sur %d · prochaine lecture : %s	%d일차 표시됨 · %d / %d일 · 다음: %s	第 %d 天已标记 · %d / %d 天 · 下一项：%s	Dia %d marcado · %d de %d dias · a seguir: %s
Día %d marcado · terminaste «%s». Enhorabuena.	Day %d marked · you finished “%s”. Congratulations.	Jour %d marqué · vous avez terminé « %s ». Félicitations.	%d일차 표시됨 · “%s” 완료. 축하합니다.	第 %d 天已标记 · 您已完成“%s”。恭喜！	Dia %d marcado · você terminou “%s”. Parabéns.
Toca el día %d · vas %d día adelantado	Day %d is due · you are %d day ahead	C’est le jour %d · vous avez %d jour d’avance	오늘 일정은 %d일차 · %d일 앞섬	应读第 %d 天 · 提前 %d 天	É o dia %d · você está %d dia adiantado
Toca el día %d · vas %d días adelantado	Day %d is due · you are %d days ahead	C’est le jour %d · vous avez %d jours d’avance	오늘 일정은 %d일차 · %d일 앞섬	应读第 %d 天 · 提前 %d 天	É o dia %d · você está %d dias adiantado
Toca el día %d · vas %d día por detrás del calendario	Day %d is due · you are %d day behind schedule	C’est le jour %d · vous avez %d jour de retard	오늘 일정은 %d일차 · %d일 늦음	应读第 %d 天 · 落后日历 %d 天	É o dia %d · você está %d dia atrasado
Toca el día %d · vas %d días por detrás del calendario	Day %d is due · you are %d days behind schedule	C’est le jour %d · vous avez %d jours de retard	오늘 일정은 %d일차 · %d일 늦음	应读第 %d 天 · 落后日历 %d 天	É o dia %d · você está %d dias atrasado
Toca el día %d · vas al día	Day %d is due · you are on schedule	C’est le jour %d · vous êtes à jour	오늘 일정은 %d일차 · 일정대로	应读第 %d 天 · 进度正常	É o dia %d · você está em dia
Vas %d día por detrás en «%s».	You are %d day behind in “%s”.	Vous avez %d jour de retard dans « %s ».	%d일 늦음: “%s”.	您落后 %d 天，计划为“%s”。	Você está %d dia atrasado em “%s”.
Vas %d días por detrás en «%s».	You are %d days behind in “%s”.	Vous avez %d jours de retard dans « %s ».	%d일 늦음: “%s”.	您落后 %d 天，计划为“%s”。	Você está %d dias atrasado em “%s”.
¿Borrar el plan «%s» y lo que llevas leído de él?	Delete plan “%s” and its reading progress?	Supprimer le plan « %s » et sa progression ?	“%s” 계획과 읽기 진행 상황을 삭제할까요?	删除计划“%s”及其阅读进度吗？	Excluir o plano “%s” e seu progresso de leitura?
¿Borrar el progreso de «%s» y empezar de cero?	Reset progress for “%s” and start over?	Effacer la progression de « %s » et recommencer ?	“%s” 진행 상황을 지우고 다시 시작할까요?	清除“%s”的进度并从头开始吗？	Excluir o progresso de “%s” e começar do zero?
Sin empezar · %d capítulos en total	Not started · %d chapters in total	Non commencé · %d chapitres au total	시작 전 · 총 %d장	尚未开始 · 共 %d 章	Não iniciado · %d capítulos no total
Si empiezas hoy, terminarías el %s.	If you start today, you will finish on %s.	Si vous commencez aujourd’hui, vous terminerez le %s.	오늘 시작하면 %s에 마칩니다.	如果今天开始，将于 %s 完成。	Se começar hoje, terminará em %s.
Un plan tuyo: %s, %d capítulos en %s · %s.	Your custom plan: %s, %d chapters in %s · %s.	Votre plan : %s, %d chapitres en %s · %s.	내 맞춤 계획: %s, %d장, %s · %s.	您的自定义计划：%s，%d 章，%s · %s。	Um plano seu: %s, %d capítulos em %s · %s.
La lectura de hoy de «%s» ya está marcada. ¿Marcas también el día %d?	Today’s reading for “%s” is already marked. Mark day %d as well?	La lecture du jour de « %s » est déjà marquée. Marquer aussi le jour %d ?	“%s”의 오늘 읽기는 이미 표시했습니다. %d일차도 표시할까요?	“%s”的今日阅读已标记。也标记第 %d 天吗？	A leitura de hoje de “%s” já está marcada. Marcar também o dia %d?
Elige un libro de la Biblia.	Choose a book of the Bible.	Choisissez un livre de la Bible.	성경의 책을 선택하세요.	请选择一卷圣经。	Escolha um livro da Bíblia.
Elige un libro de la Biblia para ver sus palabras más usadas.	Choose a Bible book to see its most frequent words.	Choisissez un livre biblique pour voir ses mots les plus fréquents.	자주 사용되는 단어를 보려면 성경의 책을 선택하세요.	选择一卷圣经以查看最常用的词。	Escolha um livro da Bíblia para ver suas palavras mais usadas.
No se encontró ese libro de la Biblia.	That Bible book was not found.	Ce livre biblique est introuvable.	해당 성경 책을 찾을 수 없습니다.	未找到该书卷。	Esse livro da Bíblia não foi encontrado.
Elige dos libros distintos para comparar.	Choose two different books to compare.	Choisissez deux livres différents à comparer.	비교할 서로 다른 두 책을 선택하세요.	请选择两卷不同的书进行比较。	Escolha dois livros diferentes para comparar.
Abre un texto bíblico para usar la nube de palabras.	Open a Bible text to use the word cloud.	Ouvrez un texte biblique pour utiliser le nuage de mots.	단어 구름을 사용하려면 성경 본문을 여세요.	请打开圣经文本以使用词云。	Abra um texto bíblico para usar a nuvem de palavras.
Contando palabras…	Counting words…	Comptage des mots…	단어 세는 중…	正在统计词语…	Contando palavras…
No hay palabras para mostrar.	No words to display.	Aucun mot à afficher.	표시할 단어가 없습니다.	没有可显示的词语。	Não há palavras para mostrar.
No se pudo leer el texto de ese libro.	Could not read the text of that book.	Impossible de lire le texte de ce livre.	해당 책의 본문을 읽을 수 없습니다.	无法读取该书卷的文本。	Não foi possível ler o texto desse livro.
Palabras más usadas	Most frequent words	Mots les plus fréquents	자주 사용되는 단어	最常用词	Palavras mais usadas
Palabras más usadas en	Most frequent words in	Mots les plus fréquents dans	자주 사용되는 단어:	最常用词所在书卷	Palavras mais usadas em
Libro B	Book B	Livre B	책 B	书卷 B	Livro B
Dif. %	Diff. %	Écart %	차이 %	差异 %	Dif. %
Dif. cantidad	Count difference	Écart de nombre	개수 차이	数量差异	Dif. quantidade
Descargar nube de palabras	Download word cloud	Télécharger le nuage de mots	단어 구름 다운로드	下载词云	Baixar nuvem de palavras
Descargar…	Download…	Télécharger…	다운로드…	下载…	Baixar…
Imagen PNG	PNG image	Image PNG	PNG 이미지	PNG 图像	Imagem PNG
Imagen vectorial SVG	SVG vector image	Image vectorielle SVG	SVG 벡터 이미지	SVG 矢量图像	Imagem vetorial SVG
Guardar la nube (o las dos nubes) como imagen PNG o SVG	Save the word cloud (or both) as a PNG or SVG image	Enregistrer le nuage (ou les deux) en image PNG ou SVG	단어 구름 (또는 두 구름)을 PNG 또는 SVG로 저장	将词云（或两个词云）保存为 PNG 或 SVG 图像	Salvar a nuvem (ou as duas) como imagem PNG ou SVG
Nube de palabras - %s	Word cloud - %s	Nuage de mots - %s	단어 구름 - %s	词云 - %s	Nuvem de palavras - %s
Nube de palabras - %s y %s	Word cloud - %s and %s	Nuage de mots - %s et %s	단어 구름 - %s 및 %s	词云 - %s 和 %s	Nuvem de palavras - %s e %s
%s: %d palabras · %s: %d palabras  (sin artículos ni palabras vacías)	%s: %d words · %s: %d words  (excluding articles and stop words)	%s : %d mots · %s : %d mots  (sans articles ni mots vides)	%s: %d단어 · %s: %d단어  (관사 및 불용어 제외)	%s：%d 个词 · %s：%d 个词（不含冠词和停用词）	%s: %d palavras · %s: %d palavras  (sem artigos nem palavras vazias)
%s: %d palabras, %d distintas  (sin artículos ni palabras vacías)	%s: %d words, %d distinct  (excluding articles and stop words)	%s : %d mots, %d distincts  (sans articles ni mots vides)	%s: %d단어, %d종류  (관사 및 불용어 제외)	%s：%d 个词，%d 个不同词（不含冠词和停用词）	%s: %d palavras, %d distintas  (sem artigos nem palavras vazias)
No se pudo guardar la imagen: %s	Could not save the image: %s	Impossible d’enregistrer l’image : %s	이미지를 저장할 수 없습니다: %s	无法保存图像：%s	Não foi possível salvar a imagem: %s
Ver progreso	View progress	Voir la progression	진행 상황 보기	查看进度	Ver progresso
Tu reflexión	Your reflection	Votre réflexion	내 묵상	您的感想	Sua reflexão
Tu reflexión de hoy	Your reflection today	Votre réflexion du jour	오늘의 묵상	您今日的感想	Sua reflexão de hoje
Se guarda sola mientras escribes.	Saved automatically as you type.	Enregistrée automatiquement pendant la saisie.	입력하는 동안 자동 저장됩니다.	输入时自动保存。	Salva automaticamente enquanto você digita.
Sin guardar…	Unsaved…	Non enregistré…	저장되지 않음…	未保存…	Não salvo…
Guardada	Saved	Enregistrée	저장됨	已保存	Salva
Versículo del día	Verse of the day	Verset du jour	오늘의 구절	每日经文	Versículo do dia
Todavía no ha salido ningún versículo.	No verse has appeared yet.	Aucun verset n’est encore apparu.	아직 표시된 구절이 없습니다.	尚未显示经节。	Ainda não apareceu nenhum versículo.
%d capítulo	%d chapter	%d chapitre	%d장	%d 章	%d capítulo
%d capítulos	%d chapters	%d chapitres	%d장	%d 章	%d capítulos
%d capítulo por día	%d chapter per day	%d chapitre par jour	하루 %d장	每天 %d 章	%d capítulo por dia
%d capítulos por día	%d chapters per day	%d chapitres par jour	하루 %d장	每天 %d 章	%d capítulos por dia
%d libro	%d book	%d livre	%d권	%d 卷	%d livro
%d libros	%d books	%d livres	%d권	%d 卷	%d livros
%d día	%d day	%d jour	%d일	%d 天	%d dia
%d días	%d days	%d jours	%d일	%d 天	%d dias
%s y %d libro más	%s and %d more book	%s et %d autre livre	%s 및 다른 책 %d권	%s 和另外 %d 卷	%s e mais %d livro
%s y %d libros más	%s and %d more books	%s et %d autres livres	%s 및 다른 책 %d권	%s 和另外 %d 卷	%s e mais %d livros
Llevas %d día marcado. Las marcas se quedan donde están: si cambias los libros o los días, el día 1 pasa a ser otra lectura.	You have marked %d day. Marks stay in place: changing the books or days changes the reading assigned to day 1.	Vous avez marqué %d jour. Les marques restent en place : modifier les livres ou les jours change la lecture du jour 1.	%d일을 표시했습니다. 책이나 기간을 바꾸면 1일차의 읽기가 달라지지만 표시는 그대로 유지됩니다.	您已标记 %d 天。标记保持原位：更改书卷或天数后，第 1 天的阅读会改变。	Você marcou %d dia. As marcas ficam no lugar: mudar os livros ou os dias altera a leitura do dia 1.
Llevas %d días marcados. Las marcas se quedan donde están: si cambias los libros o los días, el día 1 pasa a ser otra lectura.	You have marked %d days. Marks stay in place: changing the books or days changes the reading assigned to day 1.	Vous avez marqué %d jours. Les marques restent en place : modifier les livres ou les jours change la lecture du jour 1.	%d일을 표시했습니다. 책이나 기간을 바꾸면 1일차의 읽기가 달라지지만 표시는 그대로 유지됩니다.	您已标记 %d 天。标记保持原位：更改书卷或天数后，第 1 天的阅读会改变。	Você marcou %d dias. As marcas ficam no lugar: mudar os livros ou os dias altera a leitura do dia 1.
%s · terminado	%s · completed	%s · terminé	%s · 완료	%s · 已完成	%s · concluído
%s · día %d de %d	%s · day %d of %d	%s · jour %d sur %d	%s · %d / %d일	%s · 第 %d / %d 天	%s · dia %d de %d
%s · día %d de %d · %s%s%s	%s · day %d of %d · %s%s%s	%s · jour %d sur %d · %s%s%s	%s · %d / %d일 · %s%s%s	%s · 第 %d / %d 天 · %s%s%s	%s · dia %d de %d · %s%s%s
%s · tuyo	%s · yours	%s · votre plan	%s · 내 계획	%s · 您的计划	%s · seu
en curso · %d de %d días	in progress · %d of %d days	en cours · %d jours sur %d	진행 중 · %d / %d일	进行中 · %d / %d 天	em andamento · %d de %d dias
terminado · %d días	completed · %d days	terminé · %d jours	완료 · %d일	已完成 · %d 天	concluído · %d dias
siguiente: %s	next: %s	prochaine lecture : %s	다음: %s	下一项：%s	a seguir: %s
entre %d y %d capítulos por día	between %d and %d chapters per day	entre %d et %d chapitres par jour	하루 %d ~ %d장	每天 %d 到 %d 章	entre %d e %d capítulos por dia
menos de un capítulo por día	less than one chapter per day	moins d’un chapitre par jour	하루 한 장 미만	每天不到一章	menos de um capítulo por dia
menos de 1 min	less than 1 min	moins de 1 min	1분 미만	少于 1 分钟	menos de 1 min
unos %d min	about %d min	environ %d min	약 %d분	约 %d 分钟	cerca de %d min
%d día seguido	%d consecutive day	%d jour consécutif	%d일 연속	连续 %d 天	%d dia seguido
%d días seguidos	%d consecutive days	%d jours consécutifs	%d일 연속	连续 %d 天	%d dias seguidos
La más larga: %d día	Longest: %d day	La plus longue : %d jour	최장: %d일	最长：%d 天	A mais longa: %d dia
La más larga: %d días	Longest: %d days	La plus longue : %d jours	최장: %d일	最长：%d 天	A mais longa: %d dias
  ·  %d día con lectura	  ·  %d day with reading	  ·  %d jour de lecture	  ·  읽은 날 %d일	  ·  阅读了 %d 天	  ·  %d dia com leitura
  ·  %d días con lectura	  ·  %d days with reading	  ·  %d jours de lecture	  ·  읽은 날 %d일	  ·  阅读了 %d 天	  ·  %d dias com leitura
  ·  desde el %s	  ·  since %s	  ·  depuis le %s	  ·  시작일: %s	  ·  自 %s 起	  ·  desde %s
Se guarda sola · %d día con algo escrito.	Saved automatically · %d day with writing.	Enregistrée automatiquement · %d jour avec un écrit.	자동 저장 · 작성한 날 %d일.	自动保存 · 已记录 %d 天。	Salva automaticamente · %d dia com algo escrito.
Se guarda sola · %d días con algo escrito.	Saved automatically · %d days with writing.	Enregistrée automatiquement · %d jours avec un écrit.	자동 저장 · 작성한 날 %d일.	自动保存 · 已记录 %d 天。	Salva automaticamente · %d dias com algo escrito.
Exportadas de Biblia Elim el %s · %u nota.\n	Exported from Biblia Elim on %s · %u note.\n	Exportées de Biblia Elim le %s · %u note.\n	Biblia Elim에서 %s에 내보냄 · 메모 %u개.\n	于 %s 从 Biblia Elim 导出 · %u 条笔记。\n	Exportadas do Biblia Elim em %s · %u nota.\n
Exportadas de Biblia Elim el %s · %u notas.\n	Exported from Biblia Elim on %s · %u notes.\n	Exportées de Biblia Elim le %s · %u notes.\n	Biblia Elim에서 %s에 내보냄 · 메모 %u개.\n	于 %s 从 Biblia Elim 导出 · %u 条笔记。\n	Exportadas do Biblia Elim em %s · %u notas.\n
