# Tramos de prefacio, nota o argumento pegados a un versículo, leídos y
# acotados a mano: referencia<TAB>inicio<TAB>fin. Se quita desde `inicio` hasta
# `fin` (incluidos). `inicio` ha de ser único en el verso.
Genesis 1:11	O del orígen del mundo.—Véase	GÉNESIS
Genesis 17:6	que tuviese mas de una mujer	significa: Oyó Dios.
Genesis 20:5	Lua XAVIL	Véase Lot: x=
Genesis 21:6	7 Hija de Aran	HTer-
Genesis 29:9	A Cap. XXXV	ALVIIT, o. 3.
Genesis 30:43	Huye Jacob de casa de Laban	cada uno á su casa.
Genesis 36:6	( Cap. ÁXVIIL	Véase Piedra, H.
Genesis 40:7	59 GENESIS. y A	y A
Genesis 43:15	1 No es de admirar	Véase Sacrificto.
Genesis 45:20	1 ¡Quién podrá explicar	de los hermanos
Genesis 47:6	== CAPITULO LXVIH. 70	SN dal
Genesis 49:5	Aug. Quest.	mii
Exodus 4:30	Mesías, llamado tantas veces	mas á los Hebreos.
Exodus 16:6	Di a 99 (—EXODO.	(—EXODO.
Leviticus 18:28	1 Segun el sentido literal	larga y
Numbers 27:6	A Hijo de Gerson.	218 pala
Numbers 35:14	tos XV, uv. 1.	FAZ y Lal 999 NÚMEROS.
Numbers 36:13	[IBRO DEL	por espacio de cuarenta años.
Deuteronomy 1:9	historia del pueblo de Dios	L Cor. LA 0
Deuteronomy 13:4	Gen. AXVIN, y, 14.	Cap. EX, v. 8.
Deuteronomy 20:14	7 Los Setenta Intérpretes	p11T1 E
Deuteronomy 22:25	0 WE CAPITULO XXIII. 964	964
Deuteronomy 32:42	2. eq le 0 AI UU E	NIÑOS I ll IN
I Kings 10:25	109 ITT. REYES.	109 ITT. REYES.
II Samuel 18:29	a Ey o mn a REYES.	a Ey o mn a REYES.
# Cabeceras corridas de página (número y nombre del libro) metidas en el verso.
Genesis 3:24	7 GENESIS.	7 GENESIS.
Genesis 10:5	15 GENESIS.	15 GENESIS.
Leviticus 2:4	137 LEVITICO. 84	137 LEVITICO. 84
Leviticus 11:36	149 LEVITICO. ==	149 LEVITICO. ==
Numbers 4:37	183 NUMEROS.	183 NUMEROS.
Numbers 20:12	207 NUMEROS. ==	207 NUMEROS. ==
Numbers 33:43	227 NÚMEROS.	227 NÚMEROS.
Joshua 24:27	319 JOSUÉ.	319 JOSUÉ.
Judges 4:3	327 JUECES. 4	327 JUECES. 4
Judges 8:26	- JUECES.	- JUECES.
II Kings 9:25	IV. REYES.	IV. REYES.
Job 11:14	1 JOB.	1 JOB.
Wisdom 5:17	175 SABIDURIA.	175 SABIDURIA.
Jeremiah 25:12	389 JEREMIAS.	389 JEREMIAS.
Jeremiah 41:18	415 JEREMIAS. ==	415 JEREMIAS. ==
Jeremiah 48:24	425 JEREMÍAS.	425 JEREMÍAS.
II Maccabees 7:3	703 MACHABEOS.	703 MACHABEOS.
II Maccabees 15:28	721 MACHABEOS.	721 MACHABEOS.
Joshua 1:8	Salvador: nombre que le puso	confines
Joshua 8:31	Á ¿E eÚÓúáÓKAAAXA	PS LA
Joshua 16:9	1 Aun que la tribu	0.8)
Joshua 24:33	tomo, San Gerónimo y otros	de conseguir su
Judges 1:8	contiene la historia del pueblo de Israél	para aprender
Judges 14:20	Y el cráneo vacío de Onesillo	Véase Pli-
Ruth 4:22	GÉNESIS.. LEVÍTICO	Portada.
I Samuel 7:5	1 Ban significa	VIII. 12
I Samuel 29:1	5 El espíritu de Python	divinidad fa-
II Samuel 19:12	2 CAPITULO XIX. de	CAPITULO XIX. de
II Samuel 22:8	gata, es Merob	Quin q.
I Kings 17:7	l Véase Monedas.	XVIII. 120
I Kings 18:25	1 Esto es, hombres religiosos.	Véase Profeta.
I Kings 22:15	Paga dl o A pe A JN	1 Alles
II Kings 7:1	TL. Reg. Y VIL.	era un suplente
II Kings 18:9	: Véase Samaritano.	158 a Y
I Chronicles 6:37	2 IL. Paral. XXVI, o. 17.	2 IL. Paral. XXVI, o. 17.
I Chronicles 15:24	—Véase Hermano. HE Véase Profeta, có Militares principales, Hi De lino fino.	especie de seda.
I Chronicles 24:6	1 Véase Hermano.	1 Véase Hermano.
I Chronicles 26:29	pubs 205	—+-====xk
I Chronicles 26:29	2 Los porteros era menester	muy robustos y fuertes;
I Chronicles 27:16	IE — ¡CAPTTULO	XXVIILL. 206
I Chronicles 28:11	Reg. ÁXTV	XV1LZ
I Chronicles 28:20	1 Aquí David hablaba	de J una, 9
II Chronicles 1:13	1 TI. Reg. VI.	1 TI. Reg. VI.
II Chronicles 6:6	Reg. VIII, v. 9.	PARALIPOMENON.
II Chronicles 6:26	Y TIL. Reg. VIIT	y. 8.
II Chronicles 10:8	223 1. PARALIPOMENON.	223 1. PARALIPOMENON.
II Chronicles 16:14	5 Aunque dedicados al Dios verdadero.	Véase Lugares altos.
II Chronicles 18:23	—Véase Causa.	=== ene
II Chronicles 27:9	Exod. XXX, w.7.	Exod. XXX, w.7.
II Chronicles 33:19	1 En honor del ídolo de Moloch.	Véase Moloch.
Ezra 2:48	1 La palabra Ajos	sieni-
Ezra 5:14	1 Pero muy grandes y escogidas.	1 Pero muy grandes y escogidas.
Nehemiah 2:3	E a Al ENTREGANDO	DE JERUSALEM
Nehemiah 4:12	CAPITULO. 276	CAPITULO. 276
Nehemiah 6:7	LL. Paral. XXIV, v. 18.	LL. Paral. XXIV, v. 18.
Tobit 4:16	1 Raphael sientfica	medicina de Dios.
II Chronicles 36:23	Bao Este libro ha sido venerado	monarquía de Oriente
Nehemiah 1:8	restauradores del pueblo de Israél	es distinto del que fué en
Judith 16:31	Estuur, doncella judía	y el emperador
Job 3:11	Elie lll cia	prnl A ll
Job 6:16	1 Que, por ejemplo, haya resuelto enviarte.	1 Que, por ejemplo, haya resuelto enviarte.
Job 18:21	Véase Infierno.	Véase Infierno.
Job 32:17	E CAPITULO XXXIIL.	378 4)
Job 42:16	PARALIPÓMENON, PARALIPÓMENON.	COLOCACION 1 Ape
Psalms 7:18	E Psalm.OXTIT9	Véase Infierno
Psalms 12:4	Que oprimen al pobre.—Véase Pobre.	Véase Pobre.
Psalms 31:6	bl L Reg. XXVII	todos sus siervos.
Psalms 32:22	7 Véase Vuevo	7 Véase Vuevo
Psalms 72:14	l Véase Pobre.	XXI. 52
Psalms 73:23	0. SAÁEMO LOUV	ROMÓTES.
Psalms 88:49	Véase Primogénito,	Véase Primogénito,
Psalms 105:23	Alabad á Dios. —Véase Aleluya	v. 21.
Psalms 118:176	1 Vease Se te.	canónicas del
Proverbs 25:21	Véase Osculo,	El que responde al
Song of Solomon 2:7	SIL. La Iglesia siempre atenta	SU QUACI.
Song of Solomon 6:10	165 CANTAR DE CANTARES.	165 CANTAR DE CANTARES.
Song of Solomon 8:6	167 CANTAR DE CANTARES.	167 CANTAR DE CANTARES.
Song of Solomon 8:14	2 Segun el hebreo puede traducirse	de difícil inteligencia.
Wisdom 1:10	Hebr, XAT,v.5.	como dictados por Dios, y
Wisdom 11:15	1 Con los despojos de los Egypcios.	XII. 182
Sirach 1:5	XXIV, o. 5—£ Lv. 14	los que se han
Sirach 28:3	"0 la concupiscencia	Véase Amigo.
Sirach 28:30	931 EOLESTÁSTICO.	===2
Sirach 33:33	1 Martini: discacció del paese.	1 Martini: discacció del paese.
Sirach 42:17	AS ES La CAPITULO XLITI.	250
Sirach 47:28	TL. Reg. XVIII v. 7.	AXII, u. 9.
Isaiah 1:14	11 En algunos paises	los nombres de
Isaiah 6:13	1 Véase Querubin.	1 Véase Querubin.
Isaiah 8:8	l Véase Aguas.	l Véase Aguas.
Isaiah 10:14	279 ISAITAS.	SIN EJ a
Isaiah 26:5	1 AÁpoc. LX	AVE. 16
Isaiah 33:8	pea O mi habitacion santa.	XXXIV. 306
Isaiah 36:22	1 Que yo he erigido.	1 Que yo he erigido.
Isaiah 37:36	1 Hebraismo,—Véase Hija. —Virgen.	1 Hebraismo,—Véase Hija. —Virgen.
Isaiah 44:6	Raras e AO Al	321 de ISATAS.
Isaiah 44:23	1 Antes cap. XL]	v. 8,
Isaiah 45:12	10 Véase Christo.	Mesias del
Isaiah 47:6	325 ISATAS., A A	325 ISATAS., A A
Isaiah 51:8	L Matth. XXVI, v. 67.	L Matth. XXVI, v. 67.
Isaiah 55:1	Para mayor firmeza.	LI, v.29.
Isaiah 55:5	Just, cont. Triph.	Apoc. XXT.
Jeremiah 4:27	7 Para que acudan todos á defenderla.	7 Para que acudan todos á defenderla.
Jeremiah 5:12	2 TV. Reg. IX, v.	2 TV. Reg. IX, v.
Jeremiah 6:16	1 Roboam habia hecho	AN cn
Jeremiah 8:1	estado que Dios no quiere oir	ó Diana
Jeremiah 8:6	Venus. —Véase Ástros.—	Venus. —Véase Ástros.—
Jeremiah 18:15	11 Habla Dios segun	Véase Dios. —
Jeremiah 19:6	fal O mofándose.—Véase Cabeza.	Véase Cabeza.
Jeremiah 20:4	11 Es un modo de hablar figurado	diríamos
Jeremiah 23:16	—8) CAPITULO XXITI.	386
Jeremiah 32:6	JEREMÍAS. Q	JEREMÍAS. Q
Jeremiah 35:19	7 Admirable documento	viva persua-
Jeremiah 48:13	1 Deuter. 11, v.23.	Véase Philisthéos.
Jeremiah 52:23	3 Véase Profeta	3 Véase Profeta
Lamentations 5:22	3 Solian cortar la cabeza	colgarlos despues de
Baruch 1:20	significa ojrenda	XVII, v. 26.
Isaiah 1:1	El hombre dotado de conocimientos	Profetiza quién es el que te ha herido.
Isaiah 1:4	Llamábase Profeta el que hablaba	los hijos de los Profetas.
Isaiah 1:7	Finalmente, en el sentido propio	libros del Nuevo
Baruch 1:10	DE BARUCH fué amantísimo	contra lo
Ezekiel 1:4	l De Decir. Christ.	Ezechiel comenzó ad pro
Daniel 1:5	L Orig, Como, in Matth	San Gerónimo, 
Hosea 1:2	Oséas, que profetizó en tiempo	reinos de Israél y de Judá.
Hosea 1:7	2 Sophonías, que profetizó	Su profecía mira
Hosea 1:11	Daniel, que profetizó desde los primeros años	habian de lograr,
Hosea 12:6	M4 Genes. XX ATI	niño Jesús, cuando
Amos 3:3	tn Ty. Reg. ELL, v. 27.	tn Ty. Reg. ELL, v. 27.
Amos 9:15	AUNQUE algunos creen	ILL. eg. NVITT.
Jonah 1:9	13. saca de las palabras	tan difícil 3
Micah 1:6	Maresa, pueblo cerca de Hebron	llegando hasta Jerusalem,
Micah 1:8	A TT. Reg. AÁXLL, v. 8.	capítulo 11 de isaías.
Nahum 1:9	00 2 DE NAHUM	siguientes; y entonces fué cuando renovó sus comilonas,
Nahum 3:19	Wo: y segun la paráfrasis	Véase
Habakkuk 1:10	1 Aquí la voz 141	Hobecue el día 15
Habakkuk 3:16	2 AI Anti-Christo	Véase dgua.
Zephaniah 1:12	1 Véase Moloch.	Jesu-Christo en tres
Malachi 1:7	de Babylonia, Profetizó	parece que despues
I Maccabees 7:38	1 Psalm. LXXVII, v.2.	ATV, v. 6
I Maccabees 9:15	3 Delos dos cónsules	alter-
I Maccabees 11:37	pariente, 1) auvyevel	compren e a en
II Maccabees 15:5	Ó PARÁBOLAS DE DEL ECCLESIASTES	LOS MACHABEOS. IL
Matthew 2:17	1 Véase Magos.	1 Véase Magos.
Matthew 17:14	Zl SAN MATITEO. ===	Zl SAN MATITEO. ===
Matthew 18:9	1 Tributo que se pagaba	CAPITULO XVIII, ES
Matthew 18:33	5 Véase Iglesia.—Gentiles —Publicanos	Publicanos
Matthew 19:18	1 El verbo griego	se engrudaES
Matthew 23:8	1 Los Judíos solian	principal de la
Matthew 23:34	Véase Infierno.	Véase Infierno.
Matthew 25:20	1 Donde la Vulgata dice	Átyotouen
Matthew 25:46	los contratos. Estos se ratificaban	li a ñ Mo
Matthew 28:20	do, refiriéndose principalmente	JUAN BAUTISTA
Mark 12:39	l Véase Herodíanos,	hijo de David? Y
Mark 13:12	T Véase Gazophylacto.,	T Véase Gazophylacto.,
Mark 14:70	5 Nótese que no le llama aquí Pedro	denota firmeza, sino
Luke 3:20	1 La voz griega HMuxio	lo N SN 91
Luke 7:38	1 [sal XX XV, uv, 5.—Véase Pobres.—Evangelio.	Evangelio.
Luke 11:17	1 Marta, sirviendo al Señor entre muchas ocupaciones temporales	temporales
Luke 12:4	l Véase Sepulcros.—Purificacion.	Purificacion.
Luke 16:12	2 Estola, palabra griega	se ponia
Matthew 24:43	solacion. Parece que por cuerpo	fin del mundo.
Luke 1:11	JESU-EHRISTO de este Apóstol	Orat. E, in Julian.
Luke 1:80	cual salva á unos	de otro.
Luke 1:80	SÍ. August. ¿n Que.	83 SAN LUCAS. ==
John 13:5	2 Tsai. Vi, v.9.	XIII. 154
John 18:23	1 Supra AVIL,v. 12.	1 Supra AVIL,v. 12.
John 21:20	l Véase Pedro. 2 Véase Vulgata.	2 Véase Vulgata.
John 21:25	3, 3 Véase Hebraismos.	o 8 AN AY
Acts 4:13	O, Véase Oracion.	O, Véase Oracion.
Acts 7:8	2 Véase Consagracion.— Manos.	Manos.
Acts 7:33	1 Algunos Intérpretes creen	se llamaba Sichem
Acts 8:20	l Que segun la ley debian	XVII v.7.
Acts 10:6	CURA DEL LUNÁTICO 185	APÓSTOLES. al
Acts 10:32	l Véase ddorar.	XI. 186
Acts 11:30	1 Esto es, los Gentiles	Gentilse
Acts 16:12	Véase Profeta. 195	APÓSTOLES, ==
Acts 19:17	1 La voz griega o:tv	XIX. 200 e
Acts 22:2	EL HIJO PRÓDIGO EN BRAZOS	e u as
Acts 25:5	A pri E mina Ll]	ñ Dies Cl
Acts 28:31	nos conquistaron á Malta	á quien guardaba
Romans 15:30	/ CAPITULO XVI	residentes en Roma.
I Corinthians 1:11	PRIMERA que se habian	cap. XVI, y. 8
I Corinthians 2:11	Ll Jerem, AXITE	Véase Siglo.
II Corinthians 1:23	á le e Dad den 10 mi IN	AN A al Ñ í a
II Corinthians 5:17	a ar y E	— ——
Ephesians 2:20	1 Véase Demonio.	dónde pro-
Ephesians 6:24	t Psalm. XLIV	o il E a
Philippians 1:12	1 Véase Obispos.	imperio de Neron.
Colossians 1:3	21 1 Mediador	vocacion de los Gentiles,
Colossians 1:24	DE LA C RUZ 305	COLOSSENSES.
I Thessalonians 2:8	3 Como han hecho Simon Mago	falsos apóstoles.
II Thessalonians 2:8	THESSALONICENSES. _	THESSALONICENSES. _
II Timothy 2:3	EA PEN TECOSTES	CN A
II Timothy 4:2	331 II. A TIMOTHEO.	331 II. A TIMOTHEO.
Hebrews 6:6	EN EL CAMINO DE DAMASCO	LOS HEBREOS. E ==
I Peter 1:17	367 L. DE SAN PEDRO.	367 L. DE SAN PEDRO.
I Peter 3:20	LL Tímoth. LL, v. 9.	LL Tímoth. LL, v. 9.
II John 1:6	que citan ya como del Apóstol	pero nos parece
Jude 1:18	A EP. DE SAN JUDAS. 394	A EP. DE SAN JUDAS. 394
Revelation of John 12:5	1 Cuyas costumbres depravadas procuraban corregir.	procuraban corregir.
Revelation of John 14:18	411 EL APOCALYPSL. A	411 EL APOCALYPSL. A
Revelation of John 17:1	cacion del Tabernáculo	AN M par
Revelation of John 22:21	DA (Jue presto	Ma pas
Leviticus 1:16	ÉX, cap, 18)	utidivino su ministerio.
Ruth 1:13	cual le unian antiguamente	abuelos de David.
II Kings 25:30	PARALIPÓMENON, musa	Sagradas.
I Chronicles 1:19	las cosas omitidas; y por lo mismo	sirven mucho para
Tobit 1:9	cautivo á Nínive con los demás	aprovecharse de ellas.
Esther 1:8	rey Ássuero, y que libró	los Judíos.
Proverbs 1:12	PROVERBIOS SA COMOTN	las Divinas Escrituras.
Ecclesiastes 1:11	d a este libro de la Sacrada	al pié de algunos textos.
Sirach 1:2	el nombre de Sabiduria	cap. LT, v.
Joel 1:12	DE JOEL. y de haber sido	Expositores sagrados hallan en
Mark 16:20	Sax Lucas era natural	Niceph.
John 1:11	JESU-CHRISTO hijo de Zebedéo	San Gerónimo.
Acts 1:12	LOS APOSTOLES los Apóstoles	historia de los Apóstoles,
Titus 1:10	de la Iglesia de Creta	año 64 de Jesu-Christo
Amos 1:8	DE AMOS donde Jeroboam	Algunos ven vaticinada
Colossians 1:11	les enseñaban á mezclar	para su glorioso
Ezekiel 1:10	Otros traducen electro.	figura de dichos
Haggai 1:11	AGGEO los Judíos, unos quinientos	capítulo E y. L.
Hebrews 1:9	la fe de Jesu-Christo, Como les quedaba	patriarcas
I John 1:10	cuales unos negaban	Hebreos cristianos.
I Peter 1:8	Asia, que habian sido convertidos	el Ponto, 
James 1:10	SANTIAGO de San J udas	Poco antes escribió esta carta.
Philemon 1:11	Allí oyó la predicacion de esta carta	Philemon, que
Romans 1:12	en primer lugar en el órden que sigue	Sirvió de amanuense
Obadiah 1:11	Joel y Amós, parece	Jesu-Christo 
Obadiah 1:21	Esta profecía parece una mera historia	lo que 4
