# Correcciones solo para las notas de Torres Amat (notas_barrido.py), además de barrido_palabras.tsv.
# error<TAB>corrección; mismas reglas de caja que barrido_palabras.tsv.
Aacer	Hacer
abernáculo	tabernáculo
abiendo	habiendo
Abumelech	Abimelech
Acustin	Agustin
adunque	aunque
adwirable	admirable
Aeria	Seria
Agura	Agua
albunos	algunos
Alejandr	Alejandro
alerría	alegría
aleun	algun
aleuna	alguna
Aleuna	Alguna
Aleunas	Algunas
aleunas	algunas
aleuno	alguno
Aleunos	Algunos
aleunos	algunos
Alrunos	Algunos
alrunos	algunos
alsuna	alguna
Aludeá	Alude
Alvanza	Alianza
alvanza	alianza
alvmento	alimento
anassés	manassés
Antrocho	Antiocho
anúmales	animales
Aonor	Honor
Apustin	Agustin
Apóssol	Apóstol
apóstules	apóstoles
aquas	aguas
Arustin	Agustin
Ascritura	Escritura
asíno	asno
Aubiera	Hubiera
Ayustin	Agustin
añana	mañana
Babyloniía	Babylonia
balomon	salomon
barne	carne
Baruck	Baruch
Bendiícion	Bendicion
bensgno	benigno
Beñalado	Señalado
bibre	libre
Bsther	Esther
caboza	cabeza
carino	camino
Caristo	Christo
casbigos	castigos
casticaré	castigaré
cayidad	caridad
celestóal	celestial
Centiles	Gentiles
Chiisto	Christo
Chiristo	Christo
Chrzsto	Christo
cierbo	cierto
Cnusa	Causa
contiar	contar
Convile	Convite
Copdero	Cordero
costambre	costumbre
cracia	gracia
cumplrr	cumplir
Curisto	Christo
Curmelo	Carmelo
Cuusa	Causa
czelo	cielo
Cáltz	Cáliz
Dabernáculo	Tabernáculo
Danid	David
Dantel	Daniel
dehar	dejar
demonto	demonio
Demonto	Demonio
demís	demás
derem	jerem
deren	deben
Dethlehem	Bethlehem
diceun	dicen
dichb	dicho
didas	dias
dirón	dirán
doivino	divino
dondad	bondad
donee	donde
drbol	árbol
duedar	quedar
duméa	iduméa
Eaviado	Enviado
ecado	pecado
Eegypcios	Egypcios
eerca	cerca
eielo	cielo
Eizech	Ezech
elelos	ellos
Elisco	Eliséo
encóma	encima
enemizos	enemigos
enlas	ellas
enlos	ellos
enure	entre
Epbhraim	Ephraim
Ephbraim	Ephraim
Ephraimi	Ephraim
eriega	griega
eriego	griego
eristianos	cristianos
ermano	hermano
erusalem	jerusalem
Esalm	Psalm
Escribura	Escritura
espadea	espada
esperanpza	esperanza
Espfritu	Espíritu
espíritul	espíritu
Esraél	Israél
Estoes	Estos
estérel	estéril
Eterio	Eterno
etornidad	eternidad
eucedió	sucedió
euedarán	quedarán
eunos	unos
Eupbhrates	Euphrates
Evanrelio	Evangelio
Exocd	Exod
Exodt	Exod
Exodí	Exod
Expositoros	Expositores
Exrod	Exod
Exvod	Exod
Exyod	Exod
Exzech	Ezech
Exóod	Exod
Ezecf	Ezech
Ezeth	Ezech
Ezxod	Exod
Facob	Jacob
felicida	felicidad
Femplo	Templo
Fenes	Genes
Ferem	Jerem
ferencia	herencia
fguera	fuera
fimesta	fiesta
fizura	figura
Furamento	Juramento
Fusticia	Justicia
Fácia	Hácia
Gabñáa	Gabáa
gegun	segun
gentí	gente
Geñes	Genes
Ghaldéos	Chaldéos
glorta	gloria
glorza	gloria
gracit	gracia
griogos	griegos
gustin	agustin
hicie	hice
horbre	hombre
hotas	notas
Huben	Ruben
hueyos	huesos
Hzech	Ezech
Iinmediatamente	Inmediatamente
imalicia	malicia
imperro	imperio
impfos	impíos
imácen	imágen
iniguidad	iniquidad
instramentos	instrumentos
Iplesia	Iglesia
Irlesia	Iglesia
Isatas	Isaías
Isoías	Isaías
Israéló	Israél
Israól	Israél
Isriél	Israél
Jalsos	Falsos
Jarob	Jacob
Jduméa	Iduméa
Jebhú	Jehú
jereb	jerem
Jesúu	Jesu
Joakir	Joakim
Johel	Joel
Jokel	Joel
Joroboam	Jeroboam
Josepb	Joseph
Josfas	Josías
Jozué	Josué
Jresu	Jesu
Jueriendo	Queriendo
juisieron	quisieron
Juiso	Quiso
Juizá	Quizá
jurcio	juicio
justis	justos
jutcio	juicio
Jutcios	Juicios
Kscrituras	Escrituras
Kzech	Ezech
lamada	llamada
lecitas	levitas
lerem	jerem
lfcito	lícito
Lievitas	Levitas
lsaías	isaías
luegú	luego
Luphrates	Euphrates
Lvangelio	Evangelio
lzones	leones
Líbanos	Líbano
macion	nacion
maesbro	maestro
majdad	maldad
malizia	malicia
Mamana	Mañana
Manasgsés	Manassés
Martimi	Martini
Matrimonto	Matrimonio
Mauchos	Muchos
meaestro	maestro
mildad	maldad
miserjcordia	misericordia
Monbitas	Moabitas
movir	morir
Moyeés	Moysés
Moyséz	Moysés
Munbo	Mundo
munera	manera
Munno	Mundo
Munpo	Mundo
Muxro	Muro
muúndo	mundo
Mzech	Ezech
mágen	imágen
neczo	necio
nfierno	infierno
ninnun	ningun
nmundo	mundo
nstrumentos	instrumentos
Néase	Véase
orfgen	orígen
orjginal	original
oríren	orígen
oseguir	seguir
Oseph	Joseph
Otambien	Tambien
otrlas	otras
Ozfas	Ozías
Palabros	Palabras
Parábolo	Parábola
pcielos	cielos
pedecías	sedecías
Pegueño	Pequeño
penitentia	penitencia
pentes	gentes
peradores	pecadores
perio	pero
perte	parte
Pgalm	Psalm
Pharistos	Phariséos
Philisthdos	Philisthéos
Piilisthéos	Philisthéos
poche	noche
ponden	ponen
Poreso	Preso
potestas	potestad
pracias	gracias
predicard	predicar
Prencipio	Principio
presenciat	presencia
primorénito	primogénito
primosénito	primogénito
profebas	profetas
promesos	promesas
proptas	propias
Prémogénito	Primogénito
prómero	primero
Psaim	Psalm
Psalbm	Psalm
Psatm	Psalm
Psaím	Psalm
Psulm	Psalm
Pulabras	Palabras
purte	parte
queera	quiera
quela	queda
quenos	buenos
reienado	reinado
reirnos	reinos
reivar	reinar
reneral	general
sabée	sabe
sacerdotz	sacerdote
sacrificlio	sacrificio
Salomona	Salomon
Sarias	Varias
sasgre	sangre
saías	isaías
Sañto	Santo
selor	señor
Semeon	Simeon
sengre	sangre
Serusalem	Jerusalem
sesun	segun
Sesun	Segun
Setente	Setenta
Sevun	Segun
Sezun	Segun
sezundo	segundo
Señalem	Señales
Señar	Señor
sietz	siete
sigenifica	significa
sighificar	significar
sirvien	sirven
sisnifica	significa
sjervos	siervos
slgunos	algunos
sncrificios	sacrificios
sooma	sodoma
stete	siete
sulrir	sufrir
Sulvador	Salvador
Sunta	Santa
surven	sirven
Synagosa	Synagoga
Syriu	Syria
Síion	Sion
súbado	sábado
Súbado	Sábado
tambie	tambien
tamplo	templo
tando	tanto
Taneos	Tantos
tebia	tenia
tejia	tenia
tenta	tenia
terrjble	terrible
texbo	texto
Tglesia	Iglesia
Tibre	Libre
tierva	tierra
tolos	todos
Tostro	Rostro
traduclrse	traducirse
trerras	tierras
triba	tribu
tribulacio	tribulacion
Tsaac	Isaac
Tsaías	Isaías
Tsion	Sion
Tusto	Justo
tzech	ezech
tzquierda	izquierda
Uccidente	Occidente
uedad	edad
ulgata	vulgata
Uonocer	Conocer
vador	valor
Varron	Varon
vbrar	obrar
vecibe	recibe
veite	veinte
vestro	vuestro
Vinguno	Ninguno
Voche	Noche
vostro	rostro
vrande	grande
Vuevo	Nuevo
Vulcata	Vulgata
Vuleata	Vulgata
Vulrata	Vulgata
Vulsata	Vulgata
Véaseo	Véase
Véaso	Véase
Véasze	Véase
Vénse	Véase
vésto	visto
Véuse	Véase
Véóase	Véase
Vóase	Véase
walma	alma
Wéase	Véase
yalle	valle
yanos	manos
yarias	varias
yarios	varios
yeces	veces
yeinte	veinte
yemos	hemos
yenganza	venganza
yenida	venida
yenir	venir
yerdad	verdad
yerdadera	verdadera
yerdaderamente	verdaderamente
yerdadero	verdadero
yersion	version
yestido	vestido
yicios	vicios
yirtud	virtud
yision	vision
yista	vista
yisto	visto
yivir	vivir
yivió	vivió
ynagoga	synagoga
yoces	voces
yoluntad	voluntad
yolver	volver
yolvió	volvió
yulgo	yugo
Yéase	Véase
Zomanos	Romanos
Zoseph	Joseph
ístas	estas
ómenos	menos
ónimo	ánimo
úniquidad	iniquidad
úrbol	árbol
Útros	Otros
conjeburas	conjeturas
sigmbicacion	significacion
