# Baruc completo cotejado, Torres Amat 0.9.20.
Bar 1:1	Y estas son las palabras del libro que escribió Baruch hijo de Nerías, hijo de Maasias, hijo de Sedecías, hijo de Sedei, hijo de Helcias, en Babylonia,
Bar 1:2	El año quinto, á siete del mes, desde que los Chaldéos se apoderaron de Jerusalem y la incendiaron.
Bar 1:3	Y leyó Baruch las palabras de este libro en presencia de Jechonías, hijo de Joakim, rey de Judá, y delante de todo el pueblo que acudia á oirlas,
Bar 1:4	Y delante de todos los magnates de la estirpe real, y delante de los ancianos, y delante del pueblo desde el mas pequeño hasta el mas grande de todos cuantos habitaban en Babylonia, junto al rio Sodi;
Bar 1:5	Los cuales lloraban oyendo á Baruch; y ayunaban, y oraban en la presencia del Señor.
Bar 1:6	E hicieron una colecta de dinero, conforme la posibilidad de cada uno;
Bar 1:7	Y le remitieron á Jerusalem, á Joakim hijo de Helcias, hijo de Salom sacerdote, y á los sacerdotes, y á todo el pueblo que se hallaba con él en Jerusalem:
Bar 1:8	Después que Baruch hubo recibido los vasos del Templo del Señor, que habian sido robados del Templo, para volverlos otra vez á tierra de Judá, á diez del mes de Sivan; vasos de plata que habia hecho Sedecías, hijo de Josías, rey de Judá,
Bar 1:9	Asi que Nabuchodonosor, rey de Babylonia, hubo aprisionado á Jechonías, y á los príncipes, á todos los magnates, y al pueblo de la tierra, y llevádoselos presos desde Jerusalem á Babylonia.
Bar 1:10	Y dijéronles en una carta lo que sigue: Hé aquí que os enviamos dinero, con el cual compraréis víctimas para los holocaustos, é incienso, y haced ofrendas, é inmolad víctimas por el pecado en el altar del Señor Dios nuestro.
Bar 1:11	Y rogaréis por la vida de Nabuchodonosor, rey de Babylonia, y por la vida de Balthasar su hijo, á fin de que los dias de ellos sobre la tierra sean como los del cielo;
Bar 1:12	Y para que el Señor nos conceda á nosotros fortaleza, y nos haga ver la luz de la prosperidad, para vivir felizmente bajo el amparo de Nabuchodonosor, rey de Babylonia, y bajo el amparo de su hijo Balthasar, y les sirvamos á ellos por largo tiempo, y seamos gratos á sus ojos.
Bar 1:13	Rogad también por nosotros mismos al Señor Dios nuestro: porque hemos pecado contra el Señor Dios nuestro, y no se ha apartado su ira de sobre nosotros hasta el dia presente.
Bar 1:14	Y leed este libro ó escrito, el cual os hemos enviado para que se haga la lectura de él en donde estaba el Templo del Señor, en dia solemne y tiempo oportuno.
Bar 1:15	Diréis, pues: Del Señor Dios nuestro es la justicia ó santidad; mas de nosotros la confusión de nuestros rostros: como está sucediendo en este dia á todo Judá, y á los moradores todos de Jerusalem,
Bar 1:16	Á nuestros reyes, y á nuestros príncipes, y á nuestros sacerdotes, y á nuestros Profetas, y á nuestros padres.
Bar 1:17	Pecado hemos contra el Señor Dios nuestro, y no le creímos, faltos de confianza en él;
Bar 1:18	Y no le estuvimos sumisos, ni quisimos escuchar la voz del Señor Dios nuestro para proceder conforme á los mandamientos que él nos habia dado.
Bar 1:19	Desde aquel dia en que sacó de tierra de Egypto á nuestros padres hasta el presente, hemos sido rebeldes al Señor Dios nuestro; y disipados ó entregados á nuestros vicios, nos apartamos de él por no oir su voz.
Bar 1:20	Por lo cual se nos han apegado muchos desastres, y las maldiciones intimadas por el Señor á su siervo Moysés; por el Señor que sacó de la tierra de Egypto á nuestros padres para darnos una tierra que mana leche y miel; maldiciones que estamos experimentando en el dia de hoy.
Bar 1:21	Nosotros empero no quisimos escuchar la voz del Señor Dios nuestro, según lo que decian los Profetas, que él nos tenia enviados;
Bar 1:22	Y cada uno de nosotros nos fuimos tras las inclinaciones de nuestro perverso corazón, á servir como esclavos á dioses ajenos, obrando la maldad delante de los ojos del Señor Dios nuestro.
Bar 2:1	Por cuyo motivo el Señor Dios nuestro cumplió su palabra, que nos habia ya intimado á nosotros, y á nuestros Jueces gobernadores de Israél, y á nuestros reyes, y á nuestros príncipes, y á todo Israél y Judá,
Bar 2:2	De que traería el Señor sobre nosotros grandes males, tales que jamás se habían visto debajo del cielo como los que han sucedido en Jerusalem, conforme á lo que se halla escrito en la Ley de Moysés;
Bar 2:3	Y que el hombre comería la carne de su propio hijo, y la carne de su hija.
Bar 2:4	Y entrególos el Señor en poder de todos los reyes comarcanos nuestros, para escarnio y ejemplar de desolación en todas las naciones, por entre las cuales nos dispersó el Señor.
Bar 2:5	Esclavos hemos venido á ser, y no amos; por haber pecado contra el Señor Dios nuestro, no obedeciendo á su voz.
Bar 2:6	Del Señor Dios nuestro es la justicia: de nosotros empero, y de nuestros padres la confusión de nuestros rostros, como se está viendo hoy dia.
Bar 2:7	Porque el Señor, todos estos castigos que padecemos, nos los habia ya amenazado:
Bar 2:8	Mas nosotros ni por eso acudimos al Señor Dios nuestro para rogarle, y para convertirnos cada cual de su depravada vida.
Bar 2:9	Con esto echó luego el Señor mano del castigo, y le descargó sobre nosotros: porque justo es el Señor en todas sus obras, y en cuanto nos ha mandado:
Bar 2:10	Y con todo, nosotros no quisimos obedecer á su voz para que caminásemos según los preceptos que el Señor nos habia puesto delante de los ojos.
Bar 2:11	Ahora pues, oh Señor Dios de Israél, que sacaste á tu pueblo de tierra de Egypto con mano fuerte y por medio de portentos y prodigios, y con tu gran poderío y robusto brazo, y te adquiriste la nombradía que hoy tienes:
Bar 2:12	Hemos pecado, Señor, hemos obrado impíamente: inicuamente nos hemos portado, oh Señor Dios nuestro, contra todos tus mandamientos.
Bar 2:13	Aléjese de nosotros la indignación tuya: porque somos pocos los que quedamos ya entre las naciones en que nos dispersaste.
Bar 2:14	Escucha, Señor, nuestros ruegos, y nuestras oraciones, y líbranos por amor de tí mismo, y haz que hallemos gracia á los ojos de aquellos que nos han sacado de nuestra patria:
Bar 2:15	Á fin de que con eso conozca todo el mundo que tú eres el Señor Dios nuestro, y que Israél y toda su estirpe lleva tu nombre.
Bar 2:16	Vuelve, oh Señor, tus ojos ácia nosotros desde tu santa Casa, é inclina tus oidos y escúchanos.
Bar 2:17	Abre tus ojos y míranos, porque no son los muertos que están en el sepulcro, cuyo espíritu se separó de sus entrañas, los que tributarán honra á la justicia del Señor;
Bar 2:18	Sino el alma que está afligida por causa de la grandeza de los males que ha cometido, y anda encorvada y macilenta, y con los ojos caidos; el alma hambrienta ó mortificada, esa es la que te tributa gloria, oh Señor, á tí y á tu justicia.
Bar 2:19	Puesto que, no apoyados en la justicia de nuestros padres derramamos nuestras plegarias, é imploramos misericordia ante tu acatamiento, oh Señor Dios nuestro;
Bar 2:20	Sino porque tú has descargado tu indignación y tu furor sobre nosotros, según anunciaste por medio de tus siervos los Profetas, diciendo:
Bar 2:21	Esto dice el Señor: Inclinad vuestro hombro y vuestra cerviz, y servid al rey de Babylonia, y así viviréis tranquilos, y no seréis echados de la tierra que yo di á vuestros padres:
Bar 2:22	Mas si no obedeciereis la orden del Señor Dios vuestro de servir al rey de Babylonia, yo haré que seáis arrojados de las ciudades de Judá, y echados de Jerusalem;
Bar 2:23	Y quitaré de entre vosotros las voces de alegría, y de gozo, y los alegres cantares de los esposos y de las esposas, y quedará todo el país sin vestigio de persona que le habite.
Bar 2:24	Ellos empero no quisieron obedecer la orden tuya de servir al rey de Babylonia; y tú cumpliste tus palabras que anunciaron tus siervos los Profetas, cuando dijeron que serian trasladados de su lugar por los enemigos los huesos de nuestros reyes, y los huesos de nuestros padres:
Bar 2:25	Y hé aquí que han sido arrojados al calor del sol, y á la escarcha de la noche; y murieron entre crueles dolores, causados por el hambre, por la espada, y por un penoso destierro.
Bar 2:26	Y el Templo en que se invocaba tu santo nombre, le redujiste al estado en que se halla hoy dia, por causa de las maldades de la casa de Israél, y de la casa de Judá.
Bar 2:27	Y te has portado con nosotros, oh Señor Dios nuestro, con toda tu bondad, y con toda aquella tu grande misericordia:
Bar 2:28	Conforme lo habías predicho por Moysés, siervo tuyo, en el dia que le mandaste escribir tu Ley á vista de los hijos de Israél,
Bar 2:29	Diciendo: Si vosotros no obedeciereis á mi voz, esta grande muchedumbre de gente será reducida á un pequeño número en las naciones, entre las cuales la dispersaré;
Bar 2:30	Porque yo sé que el pueblo ese no me escuchará, pues es un pueblo de dura cerviz: pero él volverá en sí, cuando esté en la tierra de su esclavitud;
Bar 2:31	Y conocerán que yo soy el Dios suyo. Y les daré un nuevo corazón, y entenderán; y oidos, y oirán;
Bar 2:32	Y me tributarán alabanza en la tierra de su cautiverio, y se acordarán de mi santo nombre.
Bar 2:33	Y dejarán la dureza de su cerviz, y la malignidad suya; pues se acordarán de lo que sucedió á sus padres por haber pecado contra mí.
Bar 2:34	Y los conduciré otra vez á la tierra que prometí con juramento á sus padres Abraham, Isaac, y Jacob; y serán señores de ella, y los multiplicaré, y no irán en diminución.
Bar 2:35	Y asentaré con ellos otra alianza, que será sempiterna, por la cual yo sea su Dios, asi como ellos sean el pueblo mío; y no removeré jamás á mi pueblo, á los hijos de Israél, de la tierra que les di.
Bar 3:1	Y ahora, oh Señor todopoderoso, Dios de Israél, á tí dirige sus clamores el alma mia angustiada, y mi espíritu acongojado.
Bar 3:2	Atiende, oh Señor, y ten piedad, pues tú eres un Dios de misericordia, y apiádate de nosotros, porque hemos pecado en tu presencia.
Bar 3:3	Pues tú oh Señor, permaneces eternamente; y nosotros tus hijos ¿habremos de perecer para siempre?
Bar 3:4	Oh Señor todopoderoso, Dios de Israél, escucha ahora la oración de los muertos de Israél, de los israelitas atribulados, y de los hijos de aquellos; los cuales pecaron delante de tí, y no quisieron escuchar la voz del Señor Dios suyo, por cuyo motivo se han apegado á nosotros todos los males.
Bar 3:5	No quieras acordarte de las maldades de nuestros padres; acuérdate, sí, en esta ocasión de tu poder y de tu santo nombre:
Bar 3:6	Porque tú eres el Señor Dios nuestro; y nosotros, oh Señor, te tributaremos la alabanza:
Bar 3:7	Pues por eso has llenado de temor nuestros corazones, á fin de que invoquemos tu santo nombre, y te alabemos en nuestra cautividad; puesto que detestamos ya la iniquidad de nuestros padres que pecaron en tu presencia.
Bar 3:8	Y hé aquí que permanecemos nosotros en nuestro cautiverio, en donde nos tienes tú dispersos, para que seamos el escarnio, la maldición y la hez de los pecadores, en pena de todas las maldades de nuestros padres, los cuales se alejaron de tí, oh Señor Dios nuestro.
Bar 3:9	Escucha, oh Israél, los mandamientos de vida: aplica tus oidos para aprender la prudencia.
Bar 3:10	¿Cuál es el motivo, oh Israél, de que estés tú en tierra de enemigos?
Bar 3:11	¿Y de que hayas envejecido en pais extranjero, te hayas contaminado entre los muertos, y de que ya se te cuente en el número de los que descienden al sepulcro?
Bar 3:12	¡Ah! es por haber tú abandonado la fuente de la sabiduría:
Bar 3:13	Porque si hubieses andado por la senda de Dios, hubieras vivido ciertamente en una paz ó felicidad perdurable.
Bar 3:14	Aprende pues dónde está la sabiduría, dónde está la fortaleza, dónde está la inteligencia, para que sepas así también dónde está la longura de la vida, y el sustento, y dónde está la luz de los ojos del alma, y la paz ó felicidad verdadera.
Bar 3:15	¿Quién halló el lugar en que ella habita? ¿Ni quién penetró en sus tesoros?
Bar 3:16	¿Dónde están los príncipes de las naciones, y aquellos que dominaban sobre las bestias de la tierra?
Bar 3:17	¿Aquellos que jugaban ó se enseñoreaban de las aves del cielo;
Bar 3:18	Aquellos que atesoraban plata y oro, en que ponen los hombres su confianza, y en cuya adquisición jamás acaban de saciarse; aquellos que hacían labrar muebles de plata, y andaban afanados, sin poner término á sus empresas?
Bar 3:19	Exterminados fueron y descendieron á los infiernos; y su puesto le ocuparon otros.
Bar 3:20	Estos jóvenes vieron la luz, y habitaron sobre la tierra como sus padres; pero desconocieron también el camino de la sabiduría;
Bar 3:21	Ni comprendieron sus veredas, ni sus hijos la abrazaron: se alejó de la presencia de ellos.
Bar 3:22	No se oyó palabra de ella en la tierra de Chanaan, ni fue vista en Theman.
Bar 3:23	Asimismo los hijos de Agar, que van en busca de la prudencia ó sabiduría que procede de la tierra, y los negociantes de Merrha y de Theman, y los autores de fábulas instructivas, y los investigadores de la sabiduría é inteligencia, desconocieron igualmente el camino de la verdadera sabiduría, ni hicieron mención de sus veredas.
Bar 3:24	¡Oh Israél, cuan grande es la Casa de Dios, y cuan espacioso el lugar de su dominio!
Bar 3:25	Grandísimo es y no tiene término, excelso es é inmenso.
Bar 3:26	Allí vivieron aquellos famosos gigantes, que hubo al principio del mundo de grande estatura, diestros en la guerra.
Bar 3:27	No fueron estos escogidos por el Señor, no hallaron estos la senda de la doctrina: por lo tanto perecieron,
Bar 3:28	Porque no tuvieron sabiduría: perecieron por su necedad.
Bar 3:29	¿Quién subió al cielo, y la tomó, y la trajo de encima de las nubes?
Bar 3:30	¿Quién atravesó los mares y pudo hallarla, y la trajo con preferencia al oro purísimo?
Bar 3:31	No hay nadie que pueda conocer los caminos de ella, ni investigar las veredas por donde anda.
Bar 3:32	Mas aquel Señor que sabe todas las cosas, la conoce, y la manifiesta con su prudencia; aquel que fundó la tierra para que subsista eternamente, y la llenó de ganados y de cuadrúpedos;
Bar 3:33	Aquel que despide la luz, y ella marcha al instante; y la llama, y ella obedece luego, temblando de respeto.
Bar 3:34	Las estrellas difundieron su luz en sus estaciones, y se llenaron de alegría:
Bar 3:35	Fueron llamadas, y al instante respondieron: Aquí estamos; y resplandecieron, gozosas de servir al Señor que las crió.
Bar 3:36	Este es nuestro Dios, y ningún otro será reputado por tal en su presencia.
Bar 3:37	Este fue el que dispuso todos los caminos de la doctrina ó sabiduría, y el que la dio á su siervo Jacob, y á Israél su amado.
Bar 3:38	Después de tales cosas, él se ha dejado ver sobre la tierra, y ha conversado con los hombres.
Bar 4:1	La Sabiduría, este es el Libro de los mandamientos de Dios, y la Ley que subsiste eternamente: todos los que la abrazan, llegarán á la vida verdadera; mas aquellos que la abandonan, van á parar en la muerte.
Bar 4:2	Conviértete, oh Jacob, y tenla asida: anda á la luz de ella por el camino que te señala con su resplandor.
Bar 4:3	No des tu gloria á otro pueblo, ni tu dignidad á una nación extraña.
Bar 4:4	Dichosos somos nosotros, oh Israél; porque sabemos las cosas que son del agrado de Dios.
Bar 4:5	Ten buen ánimo, oh pueblo de Dios, tú que conservas el nombre de Israél.
Bar 4:6	Vendidos habéis sido vosotros á las naciones, pero no para que seáis aniquilados; sino que por haber provocado la indignación de Dios, por eso fuisteis entregados á los enemigos.
Bar 4:7	Pues exasperasteis á aquel Señor que os crió, al Dios eterno, ofreciendo sacrificios á los demonios en lugar de Dios.
Bar 4:8	Porque echasteis en olvido al Dios que os crió, y llenasteis de aflicción á Jerusalem vuestra nodriza.
Bar 4:9	Porque ella vio venir sobre vosotros la ira de Dios, y dijo: Escuchad, oh ciudades vecinas de Sion; Dios me ha enviado una aflicción grande:
Bar 4:10	Pues yo he visto la esclavitud del pueblo mío, de mis hijos é hijas, á la cual el Eterno los ha conducido:
Bar 4:11	Porque yo los crié con gozo; pero con llanto y con dolor los he dejado.
Bar 4:12	Ninguno se alegre al verme viuda y desolada: desamparada he sido de muchos, por causa de los pecados de mis hijos; los cuales se desviaron de la ley de Dios,
Bar 4:13	Y desconocieron sus preceptos, y no anduvieron por el camino de los mandamientos de Dios, ni con la justicia siguieron por las sendas de su verdad.
Bar 4:14	Vengan las ciudades vecinas de Sion, y consideren y lamenten conmigo la esclavitud á que el Eterno ha reducido á mis hijos é hijas;
Bar 4:15	Porque el Señor hizo venir contra ellos una nación remota, nación perversa, y de lengua desconocida:
Bar 4:16	La cual no ha respetado al anciano, ni ha tenido piedad de los niños, y le ha arrancado á la viuda sus queridos hijos, dejándola sin ellos desolada.
Bar 4:17	Y ahora ¿en qué puedo yo ayudaros?
Bar 4:18	Pero aquel Señor que envió sobre vosotros los males, él mismo os librará de las manos de vuestros enemigos.
Bar 4:19	Andad, oh hijos mios, id al cautiverio; y yo me quedo solitaria.
Bar 4:20	Me desnudé del manto ó vestido de paz y regocijo, y me vestí del saco de rogativa, y clamaré al Altísimo todos los dias de mi vida.
Bar 4:21	Tened buen ánimo, oh hijos mios, clamad al Señor, y él os libertará del poder de los príncipes enemigos.
Bar 4:22	Porque yo he puesto la esperanza mía en el Eterno, que es nuestra salud; y el Santo me ha consolado con la promesa de la misericordia que tendrá de vosotros el Eterno, nuestro Salvador.
Bar 4:23	Pues con lágrimas y sollozos os dejé ir; mas el Señor os volverá otra vez á mí con gozo y alegría duradera.
Bar 4:24	Y al modo que las ciudades vecinas de Sion vieron que venia de Dios vuestra esclavitud; así verán muy presto que os vendrá de Dios la salud con grande honra y resplandor eterno.
Bar 4:25	Hijos, soportad con paciencia el castigo que ha descargado sobre vosotros. Porque, oh Israél, tu enemigo te ha perseguido; pero en breve verás tú la perdición suya, y pondrás tu pié sobre su cuello.
Bar 4:26	Mis delicados hijos han andado por caminos ásperos; porque han sido llevados como un rebaño robado por enemigos.
Bar 4:27	Hijos, tened buen ánimo, y clamad al Señor; pues aquel mismo que os ha trasportado allí, se acordará de vosotros.
Bar 4:28	Porque si vuestra voluntad os movió á descarriaros de Dios, también le buscaréis con una voluntad diez veces mayor, luego que os hayáis convertido.
Bar 4:29	Porque aquel que os envió estos males, el mismo traerá un gozo sempiterno con la salud que os dará.
Bar 4:30	Buen ánimo, oh Jerusalem, pues te consuela aquel Dios que te dio el nombre de ciudad suya.
Bar 4:31	Los malos que te destrozaron, perecerán, y castigados serán aquellos que se alegraron en la ruina tuya.
Bar 4:32	Las ciudades á las cuales han servido tus hijos, serán castigadas; y será castigada aquella que se apoderó de ellos.
Bar 4:33	Asi como se gozó ella en tu ruina, y se alegró de tu caida, así se verá angustiada en su desolación.
Bar 4:34	Y cesará la alegre algazara de su muchedumbre, y su regocijo se convertirá en llanto.
Bar 4:35	Porque el Eterno enviará fuego sobre ella por largos dias, y será habitada de demonios durante mucho tiempo.
Bar 4:36	Mira, oh Jerusalem, ácia el Oriente, y repara la alegría que Dios te envía;
Bar 4:37	Porque hé aquí que vuelven tus hijos que tú enviaste dispersos: ellos vienen congregados desde Oriente á Occidente, según la promesa del Santo, alabando á Dios con alegría.
Bar 5:1	Desnúdate, oh Jerusalem, del vestido de luto, correspondiente á tu aflicción, y vístete del esplendor y de la magnificencia de aquella gloria perdurable que te viene de Dios.
Bar 5:2	Te revestirá el Señor de un doble manto de justicia ó santidad, y pondrá sobre tu cabeza una diadema de honra sempiterna.
Bar 5:3	Pues en tí dará á conocer Dios su magnificencia á todos los hombres que existen debajo del cielo.
Bar 5:4	Porque tu nombre, el nombre que te impondrá Dios para siempre, será este: La paz ó felicidad de la justicia y la gloria de la piedad.
Bar 5:5	Levántate, oh Jerusalem, y ponte en la altura, y dirige tu vista ácia Oriente, y mira cómo se congregan tus hijos desde el Oriente hasta el Occidente en virtud de la palabra del Santo, gozándose en la memoria de su Dios;
Bar 5:6	Porque se partieron de tí á pié llevados por los enemigos: el Señor empero, te los volverá á traer conducidos con el decoro ó magnificencia de hijos ó príncipes del reino.
Bar 5:7	Porque Dios ha decretado abatir todo monte empinado, y todo peñasco eterno, y terraplenar los valles al igual de la tierra; para que Israél camine sin demora para gloria de Dios.
Bar 5:8	Aun las selvas y todos los árboles aromáticos harán sombra á Israél, por mandamiento de Dios.
Bar 5:9	Porque Dios guiará alegremente á Israél con el esplendor de su majestad, mediante la misericordia y la justicia que de él vienen.
Bar 6:1	Por los pecados que habéis cometido en la presencia de Dios, seréis llevados cautivos á Babylonia por Nabuchodonosor rey de los babylonios.
Bar 6:2	Llegados pues á Babylonia, estaréis allí muchísimos años, y por muy largo tiempo, hasta siete generaciones; después de lo cual os sacaré de allí en paz.
Bar 6:3	Ahora bien, vosotros veréis en Babylonia dioses de oro, y de plata, y de piedra, y de madera, llevados en hombros, que causan un temor respetuoso á las gentes.
Bar 6:4	Guardaos, pues, vosotros de imitar lo que hacen los extranjeros, de modo que vengáis á temerlos ó respetarlos, y á concebir temor de tales dioses.
Bar 6:5	Cuando veáis, pues, detrás y delante de ellos la turba que los adora, decid allá en vuestro corazón: Oh Señor, solo á tí se debe adorar.
Bar 6:6	Porque mi ángel con vosotros está; y yo mismo tendré cuidado de vuestras almas.
Bar 6:7	Puesto que la lengua de los ídolos limada fue por el artífice, y muda se queda; y aunque están ellos dorados y plateados, son un mero engaño, é incapaces de poder hablar.
Bar 6:8	Y al modo que se hace con una doncella amiga de engalanarse, así echando mano del oro, les adornan con esmero.
Bar 6:9	A la verdad los dioses de ellos tienen puestas sobre la cabeza coronas de oro; oro que después juntamente con la plata les quitan los sacerdotes, á fin de gastarle ellos para sí mismos.
Bar 6:10	Y aun le hacen servir para engalanar á las barraganas, y á las rameras; y á veces recobrándole de ellas, adornan con él á sus dioses.
Bar 6:11	Sin embargo que estos dioses no saben librarse del orín ni de la polilla.
Bar 6:12	Y después que los han revestido de púrpura, les limpian el rostro, con motivo del muchísimo polvo que hay en sus templos.
Bar 6:13	Tiene también el ídolo un cetro en su mano, como le tiene aquel que es juez ó gobernador de un pais; mas él no puede quitar la vida, ni dañar al que le ofende.
Bar 6:14	Tiene igualmente en su mano la espada, y la segur; mas no se puede librar á sí mismo de la guerra, ni de los ladrones: por todo lo cual podéis echar de ver que no son dioses.
Bar 6:15	Y así no tenéis que temerlos: porque los tales dioses son como una vasija hecha pedazos, que para nada sirve.
Bar 6:16	Colocados que se hallan en una casa ó templo, sus ojos se cubren luego del polvo que levantan los pies de los que entran.
Bar 6:17	Y al modo que al que ofendió al rey, se le encierra dentro de muchas puertas, y como se practica con un muerto que se lleva al sepulcro; así aseguran los sacerdotes las puertas con cerraduras y cerrojos, para que los ladrones no despojen á los dioses.
Bar 6:18	Enciéndenles también delante muchas lámparas; mas no pueden ver ninguna de ellas: son los tales dioses como las vigas de una casa.
Bar 6:19	Dicen que unas sierpes, que salen de la tierra, les lamen el interior, cuando se les comen á ellos y á sus vestiduras sin que ellos lo perciban.
Bar 6:20	Negras se vuelven sus caras del humo que hay en su casa.
Bar 6:21	Sobre su cuerpo y sobre su cabeza vuelan las lechuzas, y las golondrinas, y otras aves, y también los gatos andan sobre ellos.
Bar 6:22	Por donde podéis conocer que los tales no son dioses; y por lo mismo no los temáis.
Bar 6:23	Ademas de esto el oro que tienen, es para bien parecer: si alguno no los limpia del orin, ya no relucirán. Ni aun cuando los estaban fundiendo en el crisol, sintieron nada.
Bar 6:24	Y á pesar de que no hay en ellos espíritu alguno, fueron comprados á sumo precio.
Bar 6:25	Llevados son en hombros, como que no tienen pies; demostrando así á los hombres su vergonzosa impotencia. Avergonzados sean también aquellos que los adoran.
Bar 6:26	Por eso si caen en tierra, no se levantan por sí mismos; ni por sí mismos se mantendrán, si alguno los pone en pié: y les han de poner delante las ofrendas, como á los muertos.
Bar 6:27	Estas ofrendas las venden y malgastan sus sacerdotes, y también sus mujeres roban para sí: no dan nada de ello al enfermo ni al mendigo.
Bar 6:28	Tocan los sacrificios de ellos las mujeres paridas y las menstruosas. Conociendo pues por todas estas cosas que los tales no son dioses, no tenéis que temerlos.
Bar 6:29	Mas ¿cómo es que los llaman dioses? Es porque las mujeres presentan dones á estos dioses de plata, y de oro, y de madera;
Bar 6:30	Y los sacerdotes se están en las casas ó templos de ellos, llevando rasgadas sus túnicas, y raido el cabello y la barba, y con la cabeza descubierta.
Bar 6:31	Y rugen dando gritos en la presencia de sus dioses, como se practica en la cena ó convite de un muerto.
Bar 6:32	Los sacerdotes les quitan á los ídolos sus vestidos, y los hacen servir para vestir á sus mujeres y á sus hijos.
Bar 6:33	Y aunque á los ídolos se les hiciere algún mal ó algún bien, no pueden volver la paga correspondiente. Ni pueden poner un rey, ni pueden quitarle:
Bar 6:34	Y asimismo ni pueden dar riquezas, ni tomar venganza de nadie. Si alguno les hace un voto, y no le cumple, ni de esto se quejan.
Bar 6:35	No pueden librar á un hombre de la muerte, ni amparar al débil contra el poderoso.
Bar 6:36	No restituyen la vista á ningún ciego, ni sacarán de la miseria á nadie.
Bar 6:37	No se compadecerán de la viuda, ni serán bienhechores de los huérfanos.
Bar 6:38	Semejantes son á las piedras del monte esos sus dioses de madera, de piedra, de oro, de plata. Confundidos serán sus adoradores.
Bar 6:39	¿Cómo pues puede juzgarse ni decirse que los tales son dioses,
Bar 6:40	Cuando aun los mismos Chaldéos los desprecian? Así que oyen que uno no puede hablar porque es mudo, le presentan á Bel, rogándole que le haga hablar:
Bar 6:41	Como si tuviesen sentido aquellos que no tienen movimiento alguno; y ellos mismos, cuando lleguen á desengañarse, los abandonarán: pues ningún sentido tienen sus dioses.
Bar 6:42	Las mujeres empero, ceñidas de cordones, se sientan en los caminos, quemando el terrón ó el desecho de la aceituna.
Bar 6:43	Y asi que alguna de ellas, atraída por algún pasagero, ha dormido con él, zahiere á su compañera de que no ha sido escogida como ella, y no ha sido roto su cordón ó cinta.
Bar 6:44	Y todas cuantas cosas se hacen en honor de los ídolos, están llenas de engaño é infamia. ¿Cómo pues podrá nunca juzgarse ó decirse que los tales sean dioses?
Bar 6:45	Han sido fabricados por carpinteros, y por plateros. No serán otra cosa que aquello que quieran los sacerdotes.
Bar 6:46	Los artífices mismos de los ídolos duran poco tiempo. ¿Podrán pues ser dioses aquellas cosas que ellos mismos fabrican?
Bar 6:47	Mentira y oprobio es lo que dejan á los que han de nacer.
Bar 6:48	Porque si sobreviene alguna guerra ó desastre, los sacerdotes andan discurriendo dónde guarecerse con aquellos sus dioses.
Bar 6:49	¿Cómo pues pueden merecer jamás el concepto de dioses, aquellos que ni pueden librarse de la guerra, ni sustraerse de las calamidades?
Bar 6:50	Porque siendo como son cosa de madera, dorados y plateados, conocerán después al fin todas las naciones y reyes que son un engaño, viendo claramente como no son dioses, sino obras de las manos de los hombres, y que nada hacen ellos en prueba de ser dioses.
Bar 6:51	Pero ¿y de dónde se conoce que no son ellos dioses, sino obras de las manos de los hombres, y que nada hacen en prueba de que son dioses?
Bar 6:52	En que ellos no ponen rey en ningún pais, ni pueden dar la lluvia á los hombres.
Bar 6:53	No decidirán ciertamente las contiendas, ni librarán de la opresión á las provincias; porque nada pueden: son como las cornejetas, las cuales ni vienen á ser aves del cielo, ni animales de la tierra.
Bar 6:54	Porque si se prendiere fuego en el templo de los dioses esos de madera, de plata y de oro, á buen seguro que echarán á huir sus sacerdotes, y se pondrán en salvo: pero ellos se abrasarán dentro, lo mismo que las vigas.
Bar 6:55	Ni harán resistencia á un rey en tiempo de guerra. ¿Cómo pues puede creerse, ni admitirse que sean ellos dioses?
Bar 6:56	No se librarán de ladrones, ni de salteadores unos dioses que son de madera y de piedra, dorados y plateados; porque aquellos pueden mas que ellos;
Bar 6:57	Y les quitarán el oro y la plata, y el vestido de que están cubiertos, y se marcharán; sin que los ídolos puedan valerse á sí mismos.
Bar 6:58	Por manera que vale mas un rey que muestra su poder, ó cualquiera mueble útil en una casa, del cual se precia el dueño; ó la puerta de la casa, que guarda lo que hay dentro de ella, que no los falsos dioses.
Bar 6:59	El sol ciertamente, y la luna y las estrellas, que están puestas para alumbrarnos y sernos provechosas, obedecen puntualmente al Criador.
Bar 6:60	Asimismo el relámpago se hace percibir cuando aparece, y el viento sopla por todas las regiones.
Bar 6:61	Igualmente las nubes, cuando Dios les manda recorrer todo el mundo, ejecutan lo que se les ha mandado.
Bar 6:62	El fuego también enviado de arriba para abrasar los montes y los bosques, cumple lo que se le ha ordenado. Mas estos ídolos, ni en la belleza, ni en la virtud se parecen á ninguna de esas cosas.
Bar 6:63	Y así no debe pensarse, ni decirse que los tales sean dioses, cuando no pueden ni hacer justicia, ni servir en cosa alguna á los hombres.
Bar 6:64	Sabiendo pues que ellos no son dioses, no tenéis que temerlos:
Bar 6:65	Pues ni enviarán maldición, ni bendición á los reyes;
Bar 6:66	Ni muestran tampoco á los pueblos las estaciones de los tiempos, ni lucen como el sol, ni alumbran como la luna.
Bar 6:67	Mas que ellos valen las bestias, las cuales pueden huir á refugiarse bajo cubierto, y valerse á sí mismas.
Bar 6:68	De ninguna manera son dioses, como es evidente; por tanto pues no tenéis que temerlos.
Bar 6:69	Porque así como no es buen guarda en el melonar un espantajo, así son sus dioses de madera, de plata y de oro.
Bar 6:70	Son como la espina blanca en un huerto, sobre la cual vienen á posar toda suerte de pájaros. Aseméjanse también estos dioses suyos de madera, dorados y plateados, á un muerto que yace entre las tinieblas del sepulcro.
Bar 6:71	Por la púrpura y escarlata, las cuales veis que se apolillan sobre ellos, conoceréis claramente que no son dioses: ellos mismos son al fin pasto de la polilla, y servirán de oprobio al país.
Bar 6:72	Mejor que todo es el varón justo, el cual no conoce los ídolos: porque estará bien lejos de la ignominia.
