Genesis 4:26	CAPITULO Y Genealogía de Adam y de sus- descendientes hasta Nod, por la línea de Seth, estirpe de los patriarcas y progenitores del Mesías, que es el objeto de todas las Escrituras
Genesis 9:29	¿APITULO X Genealogías de los tres hijos de Noé, ó propagacion del linaje humano.
Genesis 28:22	CAPITULO: XXIX Jacob, recibido de Laban su tio, le sirve siete años por Rachel; y Laban le engaña, dándole primero á Lia, Sirve otros siete años por Rachel: la cual es estéril, al paso que Lia pare cuatro hijos.
Genesis 40:23	CAPIÍLULO XLI WD Joseph interpreta unos sueños de Pharaon; el cual le hace gobernador supremo de todo el Egypto; y le casa con Aseneth, de la cual tiene sus dos hijos Manassés y Ephrajm? =
Genesis 46:34	CAPÍTULO XLVIH Joseph presenta su padre, y cinco de sus hermanos á Pharaon, que les da la tierra de Gessen. Se acredita de sabio gobernador del pueblo, y fiel ministro del Rey. Enferma de muerte Jacob, y hace prometer á Joseph que le dará sepultura en la tierra de Chanaan.
Exodus 7:25	CAPITULO VIH Plagas de ranas, de mosquitos, y de moscas. Vanas promesas de Pharaon, quien de cada día se endurece mas
Exodus 11:10	CAPITULO XII. $2
Exodus 22:31	CAPITULO XXITH Leyes sobre la recta administracion de justicia: y sobre las fiestas principales, Promete Dios á los Israelitas un Angel custodio para que los eule. Otras promesas, y prohibiciones.
Exodus 27:21	CAPITULO XXVHulI Desceribense las vestiduras sacerdotales.
Exodus 29:46	CAPITULO Pa Del altar de los perfumes: del medio sic si pila de bronce: bálsamo sagrado, é incienso, y otras cosas pertenecientes al Tabernáculo.
Leviticus 1:17	CAPTPULO H Ceremonias para las ofrendas de pan, y de las primicias
Leviticus 2:16	CAPITULO 1H De las hostias pacíficas ó sacrificios por los beneficios que se han recibido del Señor, ó que se le piden. Toda grosura y sangre debe ofrecerse al Señor
Leviticus 4:35	CAPITULO Y De algunos otros sacrificios por varias culpas.
Leviticus 19:37	CAPITULO XA Penas de muerte contra los que ofrecen sus hijos al ídolo Moloch, contra los magos, contra los que maltratan á sus padres, y contra los reos de otras maldades comunes entre los Chanané6os.
Leviticus 20:27	CAPÍTULO mr XXI z Varias leyes sobre los sacerdotes.
Numbers 4:49	CAPITULO Y Los impuros han de estar fuera del campamento: leyes sobre la restitucion y sobre los celos.
Numbers 12:15	CAPÍTULO De los exploradores enviados por Moysés á la tierra de Chanaan. Todos ellos, á excepcion de Josué y Caleb, amedrentan al pueblo.
Numbers 22:41	CAPITULO: XXHIU Balaam, despues de haber erigido siete altares, disponiéndose para maldecir á los Israelitas, repite sobre ellos, sin quererlo, muchas bendiciones, y anuncia sus victorias.
Numbers 26:65	JAPITULO: XXVII Lev sobre las herencias en defecto de sucesion varonil. Dios hace ver á z hal Moysés la tierra a prometida, á y elige A por sucesor á Josué.
Deuteronomy 2:37	CAPÍTULO HI Sigue la relacion anterior: derrota del rey Og: reparticion de tierra á las tribus de Ruben y Gad y media de Manassés; y de como negó el Señor á Moysés el entrar en la tierra de promision.
Deuteronomy 3:29	¡APITULO IV Concluye Moysés la plática con amonestaciones saludables y muy afectuosas. Predice su muerte, y señala tres ciudades de refugio.
Deuteronomy 8:20	GAPITULO IX. Acuérdales Moysés que son obra del Señor todas sus victorias; y para que se humillen les pone delante sus continuas prevaricaciones
Deuteronomy 22:30	CAPÍTULO XXIHII Varias leyes de policía sobre exclusion de la Synagoga: prohibicion de la. usura, y sobre cumplimiento de votos
Deuteronomy 23:25	CAPITUEO XXIV Leyes acerca del repudio, y otras de humanidad con los deudores pobres, los extranjeros, los huérfanos y las viudas.
Deuteronomy 31:30	JAPITULO XXXII Cántico profético de Moysés antes de morir, que es como un compendio de la Ley, y de los motivos de su observancia
Deuteronomy 32:52	CAPITULO XXXH Bendice Moysés, antes de subir al monte, á las tribus de Israél, y les profetiza lo que les ha de suceder.
Joshua 2:24	CAPITULO HI El pueblo de Israél, precedido del Arca, pasa el Jordan.
Joshua 4:25	CAPITULO Y los reyes de los Chananéos que poseian los países vecinos al mar grande, Mediterráneo, oyeron que el Señor habia secado las aguas del Jordan al presentarse los hijos de Israel hasta que hubieron pasado; desmayó su corazon, y no quedó aliento en ellos, temiendo la entrada de los hijos de Israél.
Joshua 12:24	CAPITULO XUHI queda por conquistar y dividir en suertes una tierra dilatadísima
Judges 2:23	CAPITULO IM De los tres jueces Othoniel, Aod y Samgar, los cuales libran á los Israelitas de la opresion
Judges 4:24	CAPITULO Y Cántico en accion de gracias, de Débora y de Barac, por la victoria contra Jabin
Judges 11:40	¡APITULO XII Sedicion de los de Ephraim castigada por Jephté. Muere éste, y le suceden Abesan, Ahialon, y Abdon.
Judges 12:15	CAPITULO XIHIT Los Israelitas recaen en la idolatría, y son dominados por los Philistheos, Nacimiento de Samson, anunciado por un Angel: circunstancias muy notables
I Samuel 2:36	CAPITULO HI Llama Dios á Samuel y le revela el castigo de Helí; á quien el jóven lo declara sencillamente.
I Samuel 6:21	CAPITULO. VE El Arca es llevada á Cariathiarim. Se convierten los Israelitas al Señor, y triunfan de los Plulisthéos
I Samuel 9:27	CAPITULO BoA arar Saul, ungido rey por Samuel, es elegido y proclamado en Maspha. 7
I Samuel 18:30	CAPITULO a Ex Saul resuelye quitar la vida á David: peligro en que. ee se vió; y cómo le libran de ellos Jon nathás y Micho
I Samuel 22:23	CAPITULO XXITIM David defiende de los Philisthéos á Ceila: huye al desierto de Ziph; renuévase la alianza entre David y Jonathás; y perseguido de Saul, en ninguna parte halla seguridad sino en el pecho de Jonathás
I Samuel 27:12	¿APITULO XXVII Guerra de los Philisthéos contra los Israelitas: consulta Saul á una pythonisa; y le aparece Samuel, el cual le anuncia su próxima ruina.
I Samuel 29:11	SAPITULO. XXX David derrota á los Amalecitas, que saquearon y quemaron á Siceles 6n gu ausencia, y les quita la presa.
II Samuel 4:12	CAPITULO Y Reconocido David por rey de todo Israél, traslada su corte á Jerusalem, de donde arroja los Jebuséos, y vence despues á los Philisthéos 1.
II Samuel 7:29	CAPITULO VIHI Conquistas gloriosas del rey David: con cuyo motivo le felicita el rey de Emath.
II Samuel 17:29	CAPITULO XVIMT Derrota del ejército de Absalom; muerte desgraciada de éste, y llanto que por ella hace David.
I Kings 17:24	CAPITULO XVHHI Elías se presenta á Achab. Prueba con un evidente testimonio del cielo que el Dios de Israél es el verdadero, y Baal un dios falso: mata á todos los sacerdotes de este ídolo; y hace llover con abundancia.
I Kings 21:29	JAPITULO XXI Guerra desgraciada de Israél y Judá contra la Syria. Achab, que habia hecho poner preso al Profeta Micheas, muere atravesado de una saeta; y le sucede el impío Ochozías. A Josaphat, su hijo Joram
II Kings 2:25	CAPITULO TH Y Reinado de Joram. Unenselos reyes de Judá, de Israól, y de Edom contra el de Moab; y por la intercesion de Eliséo alcanzan sobre él la victoria. a el rey de Moab la ruina de su ciudad, sacrificando á su primo= Ye 1. Joram, hijo de Achab, comenzó á reinar sobre Israel en E) Samaria el año décimo octavo de Josaphat, rey de Judá; y reinó doce años, y?
II Kings 4:44	CAPITULO Y Cura Eliséo la lepra á Naaman Syro; la cual contrae Glezl, por haber recibido presentes de Naaman
I Chronicles 7:40	CAPITULO VHI De otros descendientes de Benjamin hasta Saul, y de los hijos de éste.
I Chronicles 17:27	CAPITULO XVHO Nuevas victorias de David; tributos impuestos á las naciones. Ministros y generales suyos.
II Chronicles 4:22	CAPITULO YV Solemnísima colocacion del Arca del Señor en el templo.
II Chronicles 12:16	—CAPITULO XILI Abia pone su confianza en Dios, y vence á Jeroboam:; tiene muchísimos hijos.
Ezra 2:70	CAPITULO TH Convocado el pueblo en Jerusalem, es erigido el altar, en el cual se ofrecen sacrificios. Celébrase la se de los Tabernáculos, y pónense los cimientos del templo.
Ezra 4:24	CAPITULO Y A las exhortaciones de los Profetas Aggéo y Zacharias vuelve á empren- derse la fábrica del templo, á pesar de los enemiros.
Nehemiah 7:73	CAPITULO VIH Esdras lee y explica la Ley al pueblo, á quien consuela Nehemias; y celébrase la festa de los Tabernáculos. AVA a a llegado el mes séptimo; y los hijos de Israél que estaban cada uno en su ciudad, congregáronse todos unánimes, y de comun acuerdo, en la plaza que cae en frente de la puerta de las Aguas, y pidieron á Esdras, escriba ó doctor, que trajese el libro de la Ley de Moysés que habia dado el Señor á Israél.
Tobit 4:23	CAPITULO Y Viaje del jóven Tobías á Rages de la Media, en compañía del Angel Raphael
Tobit 7:20	CAPITULO VIH Tobías y Sara, instruidos por el Angel, pasan la noche en oración, sin recibir ningun daño. Celébrase el convite de boda, y los padres de Sara señalan á ésta su dote.
Judith 2:18	CAPITULO TH Sujétanse los reyes y provincias enteras á Holofernes. Aumenta éste sn ejército con la gente que saca de ellas; y destruye las ciudades y templos, á fin de que solo Nabuchodonosor sea tenido por dios
Judith 4:17	CAPITULO Y Achior, capitan de los Ammonitas, aconseja á Holofernes que no haga la guerra á Israél: de lo que se irritan los principales capitanes del ejército.
Judith 9:19	¡APITULO X Judith, vestida de sus mas preciosas galas, pasa á los reales de Holofernes, Es presentada á éste por las centinelas avanzadas, quien al punto quedó prendado de su hermosura
Esther 4:17	CAPITULO Y la antecámara de la sala en que estaba el rey sentado en su trono, colocado en el fondo de la sala frente de la puerta.
Esther 8:17	CAPITULO IVY Los Judios toman venganza de sus enemigos, y son ajusticiados los diez hijos de Aman. Institúyese la fiesta de Phurim, ó de las Suerfes.
Esther 12:6	CAPITULO XIIMT Copia de la carta del rey contra los Judtos, de que se habla en el capítulo tercero; y la oracion que hizo á Dios Mardocheo, implorando su misericordia.
Esther 13:18	GAPITULO XIV Oracion que la reina Esther hizo á Dios á favor de su pueblo.
Esther 14:19	CAPITULO Xy Se refieren algunas particularidades omitidas en el capítulo quinto de cuando la reina Esther se presentó 4 Ássuero. TAMBIEN HALLÉ ESTAS ADICIONES EN LA EDICION VULGATA.
Job 4:21	CAPITULO Y Prosigue Eliphaz acusando á Job de iniquidad, exhortándole á que se convierta á Dios, cuya providencia aplaude.
Job 7:21	CAPITULO VIH Baldad defiende que las calamidades de Job son pena de sus culpas. Le exhorta á que se convierta; y habla contra los hipócritas.
Job 10:22	CAPTPULO XI AA Sophar afirma injustamente que Jobes castigado de Dios por su soberbia ÓN y presunción, y otros pecados; y en lugar de probar su acusación, exalta la grandeza de Dios, que Job no niega.
Job 12:25	CAPITULO XIHI Desea Job que sea juzgada su causa en el tribunal divino; pues sus amigos son jueces incompetentes. Anhela saber de Dios por qué pecados le castiga tan severamente.
Job 31:40	CAPITULO A XXXII El tú, jactándose de su saber, desaprueba las razones así de Job como de sus amigos, á los cuales habia Job dejado sin tener que replicarle.
Proverbs 4:27	CAPITULO Y Contrapónese al amor deshonesto el amor conyugal.
Proverbs 9:18	CAPITULO X? Sentencias que yan alternando sobre el sábio y el necio, sobre la virtud y el vicio.
Proverbs 16:33	CAPITULO XVUH Varios efectos de la prudencia y de la necedad: de la piedad y de la impiedad.
Wisdom 2:25	CAPITULO HI Los ¿justos son felices, aun en medio de las aflicciones: los pecadores experimentan muchas desazones ya en esta vida, despues de la cual serán eternamente desdichados. Elogio de la castidad.
Wisdom 4:20	CAPITULO Y Lamentos de los condenados: armas de Dios contra los impios. Felicidad eterna de los justos.
Wisdom 12:27	CAPITULO XII Locura de aquellos que adoraron como dioses las obras de Dios, y los idolos hechos de mano de los hombres.
Wisdom 14:31	CAPITULO XV Accion de gracias á Dios por haber preservado ¿4 Israél de la idolatría. Ceguedad de los idólatras, é Invectivas contra ellos.
Sirach 2:23	CAPITULO: UL De la honra debida á los padres: alábase la modestia y mansedumbre: repréndese la curiosidad en la inteligencia de los divinos misterios: se nos recomienda la misericordia y compasion para con el prójimo.
Sirach 4:36	CAPITULO Y Contra la vana confianza en las riquezas y.en la misericordia de Dios para pecar con mas libertad; y contra otros vicios.
Sirach 22:33	CAPITULO XXTH Oración á Dios para preservarse de la soberbia, de la gula, y de la lujuria. Reprension de los vicios de la lengua, y de la carne.
Isaiah 4:6	CAPITUEO Y Bajo la fizura de una vina estéril predice el Profeta la ingratitud del pueblo, y los castigos que le esperan. Hurmilación de los soberbios, y felicidad de los justos. El Señor levantará las naciones contra los Judios
Isaiah 7:25	CAPITULO VIHl Manda el Señor á Isaías que confirme con otra señal la próxima destruccion de los reinos de Syria y de Israél. Judá será afligida; pero despues será libertada. La exhorta el Profeta que ponga lá confianza en solo Dios, y no en medios ilícitos y profanos.
Isaiah 12:6	CAPITULO XEIT Babylonia será arruinada por los Medos.
Isaiah 14:32	CAPITULO XV AA Vaticina Isaías las calamidades que padecerán los Moabitas; de los cuales muestra compadecerse
Isaiah 17:14	CAPITULO XVHT Profetiza Isaías contra una nacion que no nombra.
Isaiah 21:17	CAPITULO XXUO Profetiza Isaías la destruccion de Jerusalem, condenando la vana eonfanza que tenian sus moradores. Ánuncia á Sobna prefecto del templo. que será privado de su dignidad; Eliacim, que será su sucesor.
Isaiah 22:25	CAPITULO XXI Vaticina Isaías la destruccion de Tyro en castigo de su soberbia; y predice su restauracion.
Isaiah 34:17	CAPITULO XXXVI. 308
Isaiah 42:25	CAPITULO XLIH
Isaiah 44:28	CAPITULO XLYV Profecía de la victoria de Cyro. En la libertad que por medio de éste promete el Señor á los Judíos cautivos en Babylonia, hace entrever la de todos los hombres por Jesu-Christo; que es el solo Dios, el dato, el Salvador nuestro, y la ruina de la. idolata
Isaiah 47:15	CAPITULO XLVIH Echa en cara el Señor á los Judíos su hipocresía é ingratitud: solo Dios ha predicho lo futuro y cumplido las promesas. Promete el perdon á Israél, y le hace ver la felicidad de los que cumplen su santa Ley.
Isaiah 52:15	CAPITULO LUHI Profetiza Isafas que muchos no creerán en el Evangelio: predice claramente la pasion y muerte de Jesu-Christo, por nuestros pecados, y su gloriosa exaltación, y la propugacion del Evangelio.
Isaiah 56:12	CAPITULO LEVI Amargas quejas del Señor por la insensibilidad de su pueblo, al cual reprende fuertemente y amenaza. Promete paz y consuelo á los que se conviertan, mientras el corazon de los impios es un mar borrascoso.
Isaiah 58:14	CAPITULO ETX ñor %, para que ella no pueda salvar; ni se le han entupido sus oidos, para no poder oir vuestros clamores Y
Isaiah 61:11	CAPITULO EXII Isaías prosigue vaticinando la venida de Jesu-Christo, y la conversion de los Gentiles, Felicidad y gloría de la Iglesia.
Isaiah 62:12	CAPITULO LXEHT El Profeta representa á Jesu-Christo con la ropa tenida en sangre, despues de vencidos nuestros enemigos. Israól es abandonado de Dios por su ingratitud; pero Isaías implora á favor de él la divina clemencia.
Jeremiah 2:37	CAPITULO HI volverá jamás á recibirla? ¿No quedará la tal mujer inmunda y contaminada? Tú, es cierto, que has pecado con muchos amantes: esto no obstante vuélvete á mí, dice el Señor, que yo te recibiré
Jeremiah 4:31	CAPITULO A, El Señor, en vista de haber llegado álo sumo las maldades de su pueblo, le anuncia que ya á castigarle por medio de un pueblo extranjero.
Jeremiah 40:16	CAPITULO XLEI Bárbara crueldad con que Ismahel mata á Godolias y á sus soldados. Persigue Johanan á Ismahel, el cual huye con ocho personas, El resto de la gente determina huir á Egypto.
Jeremiah 42:22	CAPITULO XLIIMI Azarias, Johanan, y el resto de los Judíos inobedientes al precepto del señor se van á Egypto, llevándose consigo á Jeremías y á Baruch. Alli predice Jeremías la ruina de Ezypto y de sus ídolos por NabuchodonOosor.
Jeremiah 44:30	CAPITULO XLY Dios por medio de Jeremías reprende á Baruch, el cual se lamentaba de no tener reposo alguno; y despues le consuela, 1% 1. Palabras que dijo: el Profeta Jeremías á Baruch, hijo de Nerías, cuando éste escribió en el libro aquellas cosas que le dictó Jeremías, en el año cuarto de Joakim hijo de Josías rey de Judá. Dijo Jeremias
Jeremiah 48:47	CAPITULO XLEX Jeremías profetiza la ruina de los Ammonitas, de los Iduméos, de los de Damasco, y de Cedar, y de los reinos de Asor, y de Elam
Lamentations 2:22	CAPITULO HI Prosigue Jeremías lamentándose, primero de sus propios trabajos, y despues de los comunes á toda la ciudad. Alegóricamente habla en la mayor parte del capítulo de los trabajos de nuestro Señor Jesu-Christo en su Pasion, del cual fué Jeremías un bosquejo en muchos sucesos de su vida.
Ezekiel 2:9	CAPITULO HI Ezechiel come el libro que le dió el Señor, y queda lleno de valor para reprender á Israél, del cual se ve constituido centinela. Se le aparece nuevamente la gloria del Señor; el cual le manda que se encierre en casa, y no hable hasta segunda órden.
Ezekiel 4:17	CAPITULO Y El Señor manda á Exechiel que con ciertas señales y palabras intime á los Hebreos su entera destruccion.
Ezekiel 22:31	CAPITULO
Ezekiel 41:26	CAPITULO XEI De las cámaras ó estancias que habia en el atrio de los sacerdotes, y de su uso. Dimensiones del atrio exterior. WI. Y me sacó del templo al patio de afuera por el camino que va hácia el Norte; y me introdujo en las cámaras que estaban en frente del edificio separado, y delante de la casa ó templo por la parte que miraba al Norte.
Ezekiel 47:23	CAPITULO XLVIN El Señor hace un nuevo repartimiento de la tierra santa entre las doce tribus. Porciones destinadas para el templo, para la ciudad, para los sacerdotes y Levitas, y para el príncipe. Nombres de las puertas de la ciudad
Daniel 2:49	CAPITULO HII Ananias, Misael y Azarias, no queriendo adorar la estátua de Nabuchodonosor, son echados en un horno encendido, y milagrosamente librados por Dios. Asombrado el rey, da gloria á Dios, y manda que sea muerto el que blasfemare su santo Nombre
Daniel 4:34	CAPITULO Y
Hosea 2:24	CAPITULO TH El Señor ordena al Profeta que tome otra mujer que habia sido adúltera, y que antes de casarse la haga esperar durante muchos dias; para slentficar con esto que los hijos de Israél, despues de estar mucho tiempo sin rey y sin sacrificios, por último se convertirán al Señor.
Hosea 7:16	CAPITULO VIH Manda Dios al Profeta que intime al pueblo de lsraél su próxima ruina por haberse rebelado contra el Señor, y despreciado su Ley; y que asimismo amenace á Judá que será entregada á las llamas
Hosea 12:14	CAPITULO XIHI Ingratitud del pueblo de Israél: por ella fué castigado en tiempos pasados, y lo será aun mas en los venideros. No obstante promete Dios librarle de la muerte por medio del Mesías, vencedor de la muerte misma y del infierno.
Joel 2:32	CAPITULO 1H Amenazas del Señor contra las naciones que afligen á su pueblo. Fuente de salud, que manará de la Casa del Señor. La Judéa será habitada para siempre.
Micah 4:13	CAPITULO Y Vaticina Micheas la ruina de Jerusalem, pero consuela á sus moradores con la promesa del nacimiento del Mesías en Bethlehem; y de que los restos de los Judíos serán glorificados, y destruida la idolatría.
Nahum 2:13	CAPITULO THI Descripcion de la toma y ruina de Nínive: de nada le servirán sus muros, su tropa, ni el valor de sus capitanes
Zechariah 1:21	CAPITULO TH Gloria de Jerusalem, y muchedumbre de sus moradores. Dios será su muralla. Muchas naciones vendrán á Sion á servir al Señor, el cual las recibirá en su pueblo
I Maccabees 4:61	CAPITULO Y Victorias de Judas Machabéo sobre varias naciones comarcanas: su hermano Simon pasa á la Galiléa. Joseph y Azarias, que pelearon contra las órdenes de Judas, quedan vencidos. Otras expediciones de Judas contra la Iduméa, Samaria y Azoto.
I Maccabees 7:50	CAPITULO VIII Judas, oida la fama de los Romanos, les envia embajadores, y hace con ellos alianza para librar á los J judíos del yugo de los Griegos.
I Maccabees 12:54	CAPITULO XHI Sucede Simon á Jonathás en el gobierno del pueblo. Envia á Tryphon el dinero y los hijos de Jonathás, que pidió por el rescate de éste, Pero Tryphon recibe el dinero y mata á Jonathás y sus hijos. Simon fabrica un suntuoso sepulcro á sus padres y hermanos en Modin. Tryphon mata á Antiocho, y se apodera de su trono. Simon, alcanzando de Demetrio alianza y exencion de tributos, toma á Gaza, y se apodera del alcázar 9 ciudadela de Jerusalem.
Matthew 4:25	CAPITULO Y Sermon de Jesn-Christo en el monte: comienza con las ocho bienaventuranzas. Los Apóstoles son la sal y la luz de la tierra. Dice que no vino á destruir la Ley sino á cumplirla. Sobre las palabras injuriosas, la reconciliación, adulterio del corazon, escándalos. indisolubilidad del matrimonio, juramento, paciencia, amor de los enemigos, perfeccion cristiana.
Matthew 7:29	CAPITULO VIH Jesus cura á un leproso, al criado de un centurion, y á la suegra de San Pedro: sosiega al mar alborotado; y sana endemoniados.
Matthew 23:39	CAPITUEO XXIV Predice Jesus la ruina de Jerusalem y del templo, y anuncia á sus discípulos lo que sucederia durante la promulgación del Evangelio, y en su segunda venida. Les encarga que estén siempre en vela para que la segunda venida no los coja despreyenidos.
Mark 7:37	CAPITULO VIH Milagro de los siete panes. Jesus instruye á sus discípulos. Da vista á un ciego. Pedro le confiesa por Mesías. Les revela su pasion y muerte; reprende á Pedro; y los anima á llevar la cruz, (Mat£h. 6, 10, 15, 16.—
Luke 4:44	CAPITULO Y Predica Jesus desde la barca de San Pedro: pesca milagrosa de éste. Curacion de un leproso y de un paralítico. Vocación de San Matheo. Por qué no ayunaban los discípulos de Jesus. (Matth, 4, 8, 9.—Marc. 1, 2.)
Luke 18:43	CAPITULO XIX Conversion de Zacheo. Parábola del hombre noble. Jesus, entrando Jerusalem como en triunfo, Negociantes predice y llora su ruina, en medio de los aplausos del pueblo. echados del templo, (Matth, 12, 13
John 7:53	CAPITULO VIHI
Acts 4:37	CAPITULO Y Castigo de Ananías y Saphira. Los Apóstoles, y en especial San Pedro, son de muevo perseguidos y presos; y por consejo de Gamaliel son puestos en Libertad, despues de ser azotados
Acts 12:25	CAPITULO XHI Saulo y Bernabé enviados por el Espíritu Santo á predicar á los Gentiles. Conversion del procónsul Sergio Paulo. San Pablo predica en Antiochía de Pisidia: convierte á muchos Gentiles, y abandona á los Judíos incrédulos
Acts 25:27	JAPITULO XXVI IT Pablo se justifica delante de Agrippa, y cuenta por menor su conversion.
Romans 2:29	CAPITULO HI En qué tienen la preferencia los Judíos sobre los Gentiles. Unos y otros están sujetos al yugo del pecado. No es la ley, sino la feen Jesu- Christo la que los libra de él, Pero la fe no destruye la ley, sino que la perfecciona.
I Corinthians 1:31	CAPITULO E Demuestra el Apóstol que su predicacion en Corintho no habia sido con pompa de palabras, ni aparato de ciencia humana, sino con la sabiduría aprendida en la escuela de Christo crucificado, la cual solamente puede entenderse por medio del Espíritu de Dios.
I Corinthians 7:40	CAPTPULO VIT Nadie ha de probar cosas ofrecidas á ídolos, s1 con eso causa escándalo; pues el que escandaliza á los flacos, peca contra Jesu-Christo
Galatians 3:29	"CAPITULO IV Compara la Ley antigua con un tutor, y á los Judíos con un pupilo: dice que Christo puso ya á los hombres en libertad. Despues de varias expresiones de sentimiento amoroso, prueba por la Escritura misma, cuando habla de Isaac é Ismaél, que la Ley escrita no puede hacer liga con la Ley de gracia
Ephesians 2:22	CAPITULO HI Misterio admirable de la vocacion de los Gentiles revelado claramente á los Apóstoles, y en especial á San Pablo, destinado de Dios particularmente para predicarles el Evangelio, 0 1. Por este motivo, yo Pablo estoy preso por amor de Jesu-Christo, por causa de vosotros los Gentiles
Ephesians 4:32	CAPITULO Y Exhorta á los Ephesios á la imitacion de Jesu-Christo, á que se aparten de todo vicio, y se empleen en obras buenas; y trata de la santidad del matrimonio.
Colossians 2:23	CAPITULO TH da Christo. Varios avisos ú los dad á los POr de e yá los criados.
I Timothy 1:20	CAPITULO
Hebrews 2:18	CAPITULO IM Jesu-Christo, Hijo de Dios, mucho mas eminente sin comparacion que Moysés, que era solamente un siervo del Señor. Debemos obedecerle en todo, para que no seamos castigados como los Hebreos incrédulos.
Hebrews 4:16	CAPITULO Y Explica el Apóstol cuál es el oficio del Sumo Pontífice; y hace ver que Jesu-Christo es tal, y que intercede por nosotros. Se queja de la poca disposicion que tienen para entender estos divinos misterios.
Hebrews 12:29	CAPITULO XUHI Exhortación al ejercicio de las virtudes cristianas, por medio de las cuales, y en virtud del sacrificio de Jesu-Christo, se merece la entrada en la Jerusalem celestial.
James 2:26	CAPITULO HI Vicios de la lengua desenfrenada, y diferencia entre la ciencia terrena y la celestial.
James 4:17	CAPITULO YV Del severo castigo que recibirán los ricos avarientos y opresores de los pobres. De la paciencia en las aflicciones. No debemos jurar en vano. De la Extremauncion; de la Confesion sacramental; y de la eficacia de la oracion
I Peter 3:22	CAPTPULO IV Exhorta á huir de los pasados vicios, y á la práctica de las virtudes para atraer á la fe á los Gentiles; y dice que debemos alegrarnos de padecer por amor de Christo.
I Peter 4:19	CAPITULO Y Avisos saludables á los prelados de la Iglesia, y á los súbditos: encarga á los jóvenes la obediencia y la humildad; y exhorta á todos á velar contra las tentaciones del demonio.
Revelation of John 4:11	CAPITULO Y Mientras que San Juan lloraba de ver que nadie podia abrir el libro cerrado con siete sellos, abrióle el Cordero de Dios que poco antes habia sido muerto, Por lo que todas las criaturas le tributaron cánticos de alabanza.
